word,pronunciation
salivate,/ˈsælɪveɪt/
concentrate,/ˈkɒnsəntreɪt/
precise,/prɪˈsaɪs/
random,/ˈrændəm/
consequence,/ˈkɒnsɪkwɛns/
minimal,/ˈmɪnɪməl/
surreal,/səˈril/
extrapolate,/ɛkˈstræpəleɪt/
allegedly,/əˈlɛdʒɪdli/
innuendo,/ɪnjuˈɛndəʊ/
spree,/spri/
cataract,/ˈkætərækt/
simpleton,/ˈsɪmpəltən/
concourse,/ˈkɒnkɔs/
unconditional,/ənkənˈdɪʃənəl/
momentum,/məˈmɛntəm/
heirloom,/ˈɛəlum/
rivet,/ˈrɪvɪt/
tether,/ˈtɛðə/
compliant,/kəmˈplaɪənt/
petty,/ˈpɛti/
resolute,/rɛzəˈlut/
rave,/reɪv/
thesis,/ˈθisɪs/
queue,/kju/
vibrant,/ˈvaɪbrənt/
consignment,/kənˈsaɪnmɪnt/
antithesis,/ænˈtɪθɪsɪs/
disgruntled,/dɪsˈgrʌntəld/
deltoid,/ˈdɛltɔɪd/
amalgam,/əˈmælgəm/
raucous,/ˈrɔkəs/
commodity,/kəˈmɒdɪti/
diorama,/daɪəˈrɒmə/
exasperated,/ɛgˈzæspəreɪtɪd/
coy,/kɔɪ/
speculation,/spɛkjuˈleɪʃən/
herald,/ˈhɛrəld/
revered,/rɪˈvɪrd/
imbibe,/ɪmˈbaɪb/
surreptitious,/ˈsʌrəpˌtɪʃəs/
vehemence,/ˈviəməns/
paradigm,/ˈpærədaɪm/
revelation,/rɛvəˈleɪʃən/
progressive,/prəʊˈgrɛsɪv/
pedagogy,/pɛdəˈgɒdʒi/
paraphernalia,/pɛrəfəˈnɛljə/
amicably,/ˈæmɪkəbli/
errant,/ˈɛrɪnt/
postulate,
disparate,/ˈdɪspərət/
matrix,/ˈmeɪtrɪks/
quaint,/kweɪnt/
incidental,/ɪnsɪˈdɛntəl/
sobriety,/səʊˈbraɪɪti/
oppressive,/əˈprɛsɪv/
benign,/bəˈnaɪn/
oncology,/ɒnˈkɒlədʒi/
subsequent,/ˈsʌbsɪkwɪnt/
banal,/bəˈnæl/
excise,/ˈɛkˌsaɪz/
dissipate,/ˈdɪsɪpeɪt/
malign,/məˈlaɪn/
genealogical,/ˌˈdʒiniəˌˈlɑdʒəkəl/
disposition,/dɪspəˈzɪʃɪn/
detestable,/dɪˈtɛstəbəl/
brooding,/ˈbrudɪŋ/
throng,/θrɒŋ/
capitulation,/kəˈpɪtʃəˌleɪʃən/
vice,/vaɪs/
rampant,/ˈræmpɪnt/
enamored,/ɪˈnæməd/
ardor,/ˈɑdə/
quicksilver,/ˈkwɪksɪlvə/
shorthand,/ˈʃɔthænd/
brunt,/brənt/
heartrending,/ˈhɑrtˌrɛndɪŋ/
indelicate,/ɪnˈdɛləkət/
refined,/rɪˈfaɪnd/
superficial,/supəˈfɪʃəl/
hypocrisy,/hɪˈpɒkrəsi/
impertinent,/ɪmˈpʌtɪnɪnt/
gist,/dʒɪst/
pedantic,/pəˈdæntɪk/
bashful,/ˈbæʃfəl/
unrequited,/ənreˈkwaɪtɪd/
ruddy,/ˈrʌdi/
ensemble,/ɒnˈsɒmbəl/
pensive,/ˈpɛnsɪv/
provoke,/prəˈvʌʊk/
deftly,/ˈdɛftli/
worldly,/ˈwʌldli/
drivel,/ˈdrɪvəl/
pseudonym,/ˈsudənɪm/
compote,/ˌkɑmˈpoʊt/
privation,/praɪˈveɪʃən/
epistle,/ɪˈpɪsəl/
measly,/ˈmizli/
bourgeois,/bəʒˈwɑ/
temperance,/ˈtɛmprɪnts/
attribute,
deviant,/ˈdiviɪnt/
node,/nəʊd/
vindictiveness,/vɪnˈdɪktɪvnəs/
haggard,/ˈhægəd/
affinity,/əˈfɪnəti/
tractable,/ˈtræktəbəl/
alimony,/ˈælɪməʊni/
sere,/sɪə/
environs,/ɪnˈvaɪrənz/
allege,/əˈlɛdʒ/
supersede,/supəˈsid/
libel,/ˈlaɪbəl/
dissent,/dɪˈsɛnt/
tamp,/tæmp/
internment,/ɪnˈtʌnmənt/
shamble,/ˈʃæmbəl/
gilt,/gɪlt/
unequivocal,/ənəˈkwɪvəkəl/
nominal,/ˈnɒmɪnəl/
subjugate,/ˈsʌbdʒugeɪt/
camaraderie,/kɑmˈrɑdəri/
pathological,/ˌˈpæθəˌlɑdʒəkəl/
cull,/kəl/
amputate,/ˈæmpjuteɪt/
amiable,/ˈeɪmiəbəl/
ambitious,/æmˈbɪʃəs/
overwhelm,/əʊvəˈwɛlm/
antibiotic,/æntibaɪˈɒtɪk/
catastrophe,/kəˈtæstrəfi/
ravenous,/ˈrævɪnəs/
cunning,/ˈkʌnɪŋ/
apprehensive,/æprɪˈhɛnsɪv/
lurk,/lək/
phenomenal,/fɛˈnɒmɪnəl/
confiscate,/ˈkɒnfɪskeɪt/
silhouette,/sɪləˈwɛt/
rigmarole,/ˌrɪg(ə)məˈroʊl/
apprentice,/əˈprɛntɪs/
eccentric,/ɛkˈsɛntrɪk/
piddling,/ˈpɪdlɪŋ/
glimmer,/ˈglɪmə/
misdeed,/mɪsˈdid/
connoisseur,/kɒnəˈsjʊ/
cinch,/sɪntʃ/
assumption,/əˈsʌmpʃən/
mishap,/ˈmɪshæp/
swanky,/ˈsweɪŋki/
lingo,/ˈlɪŋgəʊ/
segregate,/ˈsɛgrɪgeɪt/
aborigine,/æbəˈrɪdʒəni/
foolproof,/ˈfulpruf/
leery,/ˈlɪri/
fortnight,/ˈfɔtnaɪt/
aptitude,/ˈæptɪtud/
sharecropper,/ˈʃɛrkrpə/
iota,/aɪˈʌʊtə/
stammer,/ˈstæmə/
sarcastic,/sɑˈkæstɪk/
grits,/grɪts/
affliction,/əˈflɪkʃən/
mull,/məl/
haywire,/ˌheɪˈwaɪər/
malfunction,/mælˈfʌŋkʃən/
battalion,/bəˈtæljən/
flabbergasted,/ˈflæbəgæstɪd/
unforeseen,/ənˈfɔsin/
interrogation,/ɪnˈtɛrəgeɪʃən/
reserved,/rɛˈzʌvd/
privy,/ˈprɪvi/
levity,/ˈlɛvədi/
scorn,/skɔn/
epigram,/ˌɛpəˈgræm/
turbulence,/ˈtʌbjələns/
supercilious,/ˈsupərˌsɪliəs/
oculist,/ˈɑkjələst/
contiguous,/kənˈtɪgjuəs/
sumptuous,/ˈsʌmptʃwəs/
anemic,/əˈnimɪk/
countenance,/ˈkaʊntənəns/
rakish,/ˈreɪkɪʃ/
immoderate,/ɪˈmɒdərɪt/
hauteur,/hɔˈtʌr/
shiftless,/ˈʃɪftlɪs/
hospitality,/hɑspɪˈtælɪti/
punctilious,/ˈpʌŋ(k)ˌtɪliəs/
disconcerting,/dɪskənˈsʌtɪŋ/
evasion,/ɪˈveɪʒɪn/
insidious,/ɪnˈsɪdiəs/
meretricious,/ˌˈmɛrəˌˈtrɪʃəs/
ineffable,/ɪnˈɛfəbəl/
ramification,/ræmɪfɪˈkeɪʃən/
turgid,/ˈtʌrdʒəd/
dejection,/dɪˈdʒɛkʃən/
indiscernible,/ˌɪndɪˈsɜrnəbəl/
stratum,/ˈstreɪtəm/
redolent,/ˈrɛdlənt/
vestibule,/ˈvɛstɪbjul/
garrulous,/ˈgɛrələs/
pneumatic,/nuˈmætɪk/
lamentation,/ˌlæmənˈteɪʃən/
conglomeration,/kənˌɡlɑməˈreɪʃən/
gesticulation,/dʒɛˌstɪkjuˈleɪʃən/
audacious,/ɔˈdeɪʃəs/
frivolous,/ˈfrɪvələs/
facetious,/fəˈsiʃɪs/
arbitrary,/ˈɑbɪtrɛri/
infirm,/ɪnˈfʌrm/
assiduously,/əˈsɪdʒuəsli /
jowl,/dʒaʊl/
noxious,/ˈnɒkʃəs/
semblance,/ˈsɛmbləns/
reprobation,/ˌriproʊˈbeɪʃən/
incorporeal,/ˌɪnkɔrˈpɔriəl/
avarice,/ˈævərɪs/
prose,/prəʊz/
drudge,/drədʒ/
misogynist,/mɪˈsɒdʒɪnɪst/
cursory,/ˈkʌrsəri/
pervade,/pəˈveɪd/
prosaic,/prəʊˈseɪɪk/
deplorable,/dɪˈplɔrəbəl/
escapade,/ˈɛskəpeɪd/
agog,/əˈgɑg/
omnibus,/ˈɒmnɪbəs/
eschew,/ɛsˈʃu/
faction,/ˈfækʃən/
impediment,/ɪmˈpɛdɪmənt/
toady,/ˈtoʊdi/
congeal,/kənˈdʒil/
coarseness,/ˈkɔrsnəs/
wench,/wɛntʃ/
plebeian,/pləˈbiən/
frontispiece,/ˌfrʌntɪsˈpis/
despotism,/ˌdɛspəˈtɪzəm/
aesthetics,/æsˈθɛtɪks/
anodyne,/ˌænəˈdaɪn/
terse,/təs/
superfluity,/ˈsupərˌfluədi/
confidante,/ˈkɒnfɪdɒnt/
depravity,/dɪˈprævɪti/
pernicious,/pəˈnɪʃɪs/
serpentine,/ˈsʌpɪntaɪn/
astir,/əˈstʌ/
nonchalance,/ˈnɑnʃəˈlɑns/
severance,/ˈsɛvrɪns/
repression,/rɪˈprɛʃən/
androgynous,/ænˈdrɒdʒənəs/
virility,/vɪˈrɪlɪti/
unmitigated,/ˈʌnˌmɪdəˈgeɪdɪd/
impute,/ɪmˈpjut/
grammar,/ˈgræmə/
usage,/ˈjusɪdʒ/
diction,/ˈdɪkʃən/
syntax,/ˈsɪntæks/
convention,/kənˈvɛnʃɪn/
sentence structure,/ˈsɛntɪns ˈstrʌktʃə/
complex sentence,/ˈkɒmplɛks ˈsɛntɪns/
compound sentence,/ˈkɒmpaʊnd ˈsɛntɪns/
phrase,/freɪz/
clause,/klɔz/
transition,/trɑnˈzɪʃən/
modifier,/ˈmɒdɪfaɪə/
adjective,/ˈæddʒɛktɪv/
noun,/naʊn/
pronoun,/ˈprʌʊnaʊn/
gerund,/ˈdʒɛrənd/
reference,/ˈrɛfrəns/
research,/ˈrɪsətʃ/
documentation,/dɒkjumɛnˈteɪʃən/
source,/sɔs/
data,/ˈdætə/
multimedia,/məltiˈmidiə/
unreliable,/ənrɪˈlaɪəbəl/
bibliography,/bɪbliˈɒgrəfi/
citation,/saɪˈteɪʃən/
plagiarism,/ˈpleɪdʒərɪzəm/
develop,/dɪˈvɛləp/
elaboration,/ɪlæbəˈreɪʃən/
evaluate,/ɛˈvæljueɪt/
contradict,/kɒntrəˈdɪkt/
synthesize,/ˈsɪnθɪsaɪz/
unity,/ˈjunɪti/
validity,/vəˈlɪdɪti/
variety,/vəˈraɪɛti/
redundant,/rɪˈdʌndənt/
summarize,/ˈsʌməraɪz/
paraphrase,/ˈpærəfreɪz/
layout,/ˈleɪaʊt/
outline,/ˈaʊtlaɪn/
heading,/ˈhɛdɪŋ/
edit,/ˈɛdɪt/
formal,/ˈfɔməl/
informal,/ɪnˈfɔməl/
descriptive,/dɪˈskrɪptɪv/
engaging,/ɛnˈgeɪdʒɪŋ/
expressive,/ɛkˈsprɛsɪv/
objective,/əbˈdʒɛktɪv/
coherence,/kəʊˈhɪərɪns/
comparison,/kəmˈpærɪsən/
contrast,/ˈkɒntɹɑːst/
argument,/ˈɑgjəmənt/
assertion,/æˈsʌʃən/
opinion,/əˈpɪnjən/
premise,/ˈprɛmɪs/
deductive,/dɪˈdʌktəv/
inductive,/ɪnˈdʌktɪv/
introductory,/ɪntrəˈdʌktəri/
expository,/ɛkˈspɒzɪtɔri/
explanatory,/ɛkˈsplænətɔri/
informational,/ɪnfəˈmeɪʃɪnəl/
aesthetic,/æsˈθɛtɪk/
analysis,/əˈnæləsɪs/
commentary,/ˈkɒmɛntɛri/
interpretation,/ɪntəprəˈteɪʃɛn/
generalization,/dʒɛnərəlaɪˈzeɪʃən/
bias,/ˈbaɪəs/
implication,/ɪmplɪˈkeɪʃən/
inference,/ˈɪnfrəns/
implicit,/ɪmˈplɪsɪt/
formality,/fɔˈmælɪti/
ambiguity,/æmbɪˈgjuɪti/
fallacy,/ˈfæləsi/
topic,/ˈtɒpɪk/
topic sentence,/ˈtɒpɪk ˈsɛntɪns/
theme,/θim/
subject,/ˈsʌb.dʒɪkt/
narration,/nəˈreɪʃən/
narrative,/ˈnærɪtɪv/
narrator,/nəˈreɪtə/
perspective,/pəˈspɛktɪv/
point of view,/pɔɪnt əv vju/
genre,/ˈʒɑnrə/
fiction,/ˈfɪkʃən/
science fiction,/ˈsaɪəns ˈfɪkʃən/
drama,/ˈdrɑmə/
comedy,/ˈkɒmɛdi/
romance,/rəʊˈmæns/
mystery,/ˈmɪstəri/
thriller,/ˈθrɪlə/
short story,/ʃɔt ˈstɔri/
novel,/ˈnɒvəl/
poetry,/ˈpʌʊɛtri/
bard,/bɑrd/
speaker,/ˈspikə/
meter,/ˈmitə/
rhyme,/raɪm/
rhythm,/ˈrɪðəm/
iamb,/ˌaɪˈæm(b)/
stanza,/ˈstænzə/
verse,/vəs/
free verse,/fri vəs/
blank verse,/ˌˈblæŋk ˌvʌrs/
ode,/əʊd/
ballad,/ˈbæləd/
epic,/ˈɛpɪk/
rhapsody,/ˈ(h)ræpsədi/
haiku,/ˌhaɪˈku/
tanka,/ˈtɑŋkə/
plot,/plɒt/
subplot,/ˈsʌbplɑt/
exposition,/ɛkspəˈzɪʃɪn/
setting,/ˈsɛtɪŋ/
prop,/prɒp/
prologue,/ˈprʌʊlɒg/
introduction,/ɪntrəˈdʌkʃən/
action,/ˈækʃɪn/
climax,/ˈklaɪmæks/
resolution,/rezəˈluʃen/
denouement,/deɪnuˈmɒn/
conclusion,/kənˈkluʒən/
epilogue,/ˈɛpɪlɒg/
figure of speech,/ˈfɪgə əv spitʃ/
trope,/trəʊp/
literal,/ˈlɪtərəl/
figurative,/ˈfɪgjurətɪv/
rhetorical,/rəˈtɒrɪkəl/
sensory,/ˈsɛnsəri/
imagery,/ˈɪmədʒəri/
alliteration,/əlɪtəˈreɪʃən/
companionable,/kəmˈpænjənəbəl/
encyclopedia,/ɛnsaɪkləʊˈpidiə/
somber,/ˈsɒmbə/
buffer,/ˈbʌfə/
rotund,/roʊˈtʌnd/
curlicue,/ˈkʌlikju/
meringue,/məˈræŋ/
forefront,/ˈfɔfrənt/
synchronicity,/ˈsɪŋkrəˌnɪsədi/
unrestrained,/ˈʌnrəˌstreɪnd/
gospel,/ˈgɒspəl/
communal,/kəˈmjunəl/
abominable,/əˈbɒmɪnəbəl/
impeccable,/ɪmˈpɛkəbəl/
stealthily,/ˈstɛlθɪli/
gloat,/gləʊt/
dumbfounded,/ˈdʌmfaʊndɪd/
delegate,
diversify,/dɪˈvʌsɪfaɪ/
duress,/dəˈrɛs/
prim,/prɪm/
conspiratorial,/kənˌspɪrəˈtɔriəl/
prone,/prəʊn/
discordant,/ˈdɪsˌkɔrdnt/
unrelenting,/ənreˈlɛntɪŋ/
consolation,/kɒnsəˈleɪʃɪn/
loathing,/ˈlʌʊðɪŋ/
vulnerability,/vəlnərəˈbɪlɪti/
passivity,/pəˈsɪvɪti/
void,/vɔɪd/
condemn,/kənˈdɛm/
revile,/rəˈvaɪəl/
articulation,/ɑtɪkjuˈleɪʃən/
immutable,/ɪˈmjutəbəl/
devastation,/dɛvɪˈsteɪʃən/
singular,/ˈsɪŋgjələ/
irrevocable,/ɪˈrɛvəkəbəl/
patent,/ˈpeɪtɪnt/
acrid,/ˈækrɪd/
disinterested,/dɪsˈɪntrɪstɪd/
chagrin,/ʃəˈgrɪn/
endurable,/ɛnˈdjʊrəbəl/
foist,/fɔɪst/
contrive,/kənˈtraɪv/
swaddle,/ˈswɒdəl/
derange,/dɪˈreɪnʤ/
genuflect,/ˌdʒɛnjəˈflɛkt/
fastidious,/fæˈstɪdiəs/
dainty,/ˈdeɪnti/
equilibrium,/ikwɪˈlɪbriəm/
redemption,/rɪˈdɛmpʃən/
linger,/ˈlɪŋgə/
curtail,/kəˈteɪl/
obstruct,/əbˈstrʌkt/
crepe,/kreɪp/
holocaust,/ˈhɒləkɔst/
overwhelming,/əʊvəˈwɛlmɪŋ/
headstrong,/ˈhɛdstrɒŋ/
devious,/ˈdiviəs/
meddle,/ˈmɛdəl/
exceed,/ɛksˈsid/
tendril,/ˈtɛndrɪl/
astride,/əˈstraɪd/
sanctify,/ˌsæŋ(k)təˈfaɪ/
eloquent,/ˈɛləkwɪnt/
crone,/kroʊn/
turret,/ˈtʌrət/
offset,/ɒfˈsɛt/
haphazardly,/hæpˈhæzədli/
crestfallen,/ˈkrɛstfɔlɪn/
stupor,/ˈstupə/
palatial,/pəˈleɪʃəl/
sallow,/ˈsæləʊ/
boorish,/ˈbɔrɪʃ/
incorrigible,/ɪnˈkɔrɪdʒɪbəl/
fetching,/ˈfɛtʃɪŋ/
fete,/feɪt/
berate,/bɪˈreɪt/
paroxysm,/ˈpærəkˌsɪzəm/
carapace,/ˌkɛrəˈpeɪs/
cede,/sid/
propitious,/prəˈpɪʃəs/
broach,/brəʊtʃ/
excoriate,/ɛkˈskɔriˌeɪt/
ruse,/ruz/
entrenched,/ɛnˈtrɛntʃt/
demure,/dɪˈmjʊə/
recant,/riˈkænt/
segregated,/ˈsɛgrɪgeɪtɪd/
castrate,/ˈkæstreɪt/
confrontation,/kɒnfrənˈteɪʃən/
ingrained,/ɪnˈgreɪnd/
mandatory,/ˈmændətri/
racist,/ˈreɪsɪst/
unwieldy,/ənˈwildi/
integrity,/ɪnˈtɛgrɪti/
naivete,/naɪivəˈteɪ/
manacle,/ˈmænəkəl/
demeanor,/dɪˈminə/
detrimental,/dɛtrɪˈmɛntəl/
perpetrate,/ˈpʌpɪtreɪt/
epitomize,/ɪˈpɪtəmaɪz/
epitaph,/ˈɛpɪtɑf/
memorandum,/mɛməˈrændəm/
unconscionable,/ˈʌnˌkɑnʃ(ə)nəbəl/
defiant,/dɪˈfaɪɛnt/
reprisal,/rɪˈpraɪzəl/
oppression,/ɒˈprɛʃən/
implement,/ˈɪmpləmənt/
boycott,/ˈbɔɪkɒt/
stereotype,/ˈsteriəʊtaɪp/
menial,/ˈminiəl/
crucible,/ˈkrusɪbəl/
buoyancy,/ˈbɔɪɪnsi/
perfunctory,/pəˈfʌŋktəri/
militant,/ˈmɪlətɪnt/
anemia,/əˈnimiə/
envision,/ɛnˈvɪʒɪn/
accommodating,/æˈkɒmədeɪtiŋ/
renovation,/rɛnəˈveɪʃən/
serenity,/səˈrɛnɪti/
vigilant,/ˈvɪdʒələnt/
populace,/ˈpɑpjələs/
bereavement,/bəˈrivmənt/
testament,/ˈtɛstəmənt/
lore,/lɔ/
decrepit,/dɪˈkrɛpɪt/
atrocious,/əˈtrʌʊʃɪs/
evasive,/ɪˈveɪsɪv/
imperious,/ɪmˈpiriɪs/
rapport,/rəˈpɔ/
proliferation,/prəlɪfəˈreɪʃən/
standoffish,/stændˈɒfɪʃ/
prodigious,/prəˈdɪdʒɪs/
inexorable,/ɪnˈɛksərəbəl/
seizure,/ˈsiʒə/
peruse,/pəˈruz/
gouge,/gaʊdʒ/
enclave,/ˈɒnkleɪv/
midwife,/ˈmɪdwaɪf/
apothecary,/əˈpɒθəkɛri/
garbled,/ˈɡɑrbəld/
belligerent,/bəˈlɪdʒərənt/
alight,/əˈlaɪt/
petulant,/ˈpɛtʃəlɪnt/
arabesque,/ˌˈɛrəˌbɛsk/
bluster,/ˈblʌstə/
hatchling,/ˈhætʃlɪŋ/
canny,/ˈkæni/
uncouth,/ənˈkuθ/
haughty,/ˈhɔti/
immigration,/ɪmɪˈgrɛɪʃən/
deportation,/dipɔˈteɪʃən/
abruptly,/əˈbrʌptli/
dapper,/ˈdæpə/
authorization,/ɔθəraɪˈzeɪʃən/
avert,/əˈvʌt/
cardiologist,/kɑdiˈɒlədʒɪst/
turf,/təf/
migrant,/ˈmaɪgrənt/
desperate,/ˈdɛsprɪt/
hassle,/ˈhæsəl/
discriminate,/dɪsˈkrɪmɪneɪt/
solitary,/ˈsɒlɪtɛri/
journalism,/ˈdʒʌnəlɪzəm/
cartel,/kɑˈtel/
balaclava,/bɒləˈklɒvə/
terminal,/ˈtʌmɪnəl/
rapid,/ˈræpɪd/
azure,/ˈæzjʊə/
vision,/ˈvɪʒɪn/
ensuing,/ɛnˈsuɪŋ/
irritate,/ˈɪrɪteɪt/
embedded,/ɛmˈbɛdɪd/
phoenix,/ˈfinɪks/
insulate,/ˈɪnsəleɪt/
hoax,/həʊks/
scroll,/skrəʊl/
self-conscious,/sɛlfˈkɒnʃəs/
tactless,/ˈtæktlɪs/
sludge,/slədʒ/
awareness,/əˈwɛənəs/
repercussion,/rɛpəˈkʌʃən/
tunic,/ˈtunɪk/
floe,/floʊ/
clutch,/klətʃ/
dagger,/ˈdægə/
effortless,/ˈɛfətlɪs/
archery,/ˈɑtʃəri/
copse,/kɑps/
brandish,/ˈbrændɪʃ/
flicker,/ˈflɪkə/
clearing,/ˈklɪərɪŋ/
lichen,/ˈlaɪkɪn/
imbue,/ɪmˈbju/
tacitly,/ˈtæsɪtli/
seductive,/sɪˈdʌktɪv/
engulf,/ɛnˈgʌlf/
sweltering,/ˈswɛltərɪŋ/
ritual,/ˈrɪtʃuəl/
somberly,/ˈsɑmbərli/
ensconce,/ɛnˈskɑns/
texture,/ˈtɛkstʃə/
facet,/ˈfæsɪt/
vista,/ˈvɪstə/
intoxicating,/ɪnˈtɒksɪkeɪtɪŋ/
crescendo,/krəˈʃɛndəʊ/
suffuse,/səˈfjuz/
ragged,/ˈrægɪd/
heady,/ˈhɛdi/
stale,/steɪl/
cleft,/klɛft/
embodiment,/ɛmˈbɒdimɪnt/
successor,/səkˈsɛsə/
constrict,/kənˈstrɪkt/
affix,
whinny,/ˈwɪni/
perspiration,/pəspəˈreɪʃɪn/
plaintively,/ˈpleɪnˌtaɪvli/
dubiously,/ˈdubiəsli/
intone,/ɪnˈtoʊn/
gratify,/ˌgrædəˈfaɪ/
complacency,/kəmˈpleɪsɪnsi/
amiably,/ˈeɪmiəbli/
guerrilla,/gəˈrijə/
defection,/dɪˈfɛkʃən/
anticlimactic,/ˌæntiklaɪˈmæktɪk/
wholesale,/ˈhʌʊlseɪl/
evidently,/ɛvɪˈdɪntli/
enunciate,/ɪˈnʌnsieɪt/
rasp,/ræsp/
sprig,/sprɪg/
allot,/əˈlɒt/
quaver,/ˈkweɪvər/
offhand,/ˈɒfhænd/
pandemonium,/pændəˈmʌʊniəm/
circumstance,/ˈsʌkəmstæns/
grating,[ˈɡɹeɪ̯ɾɪŋ]
dossier,/ˈdɒsijeɪ/
wrest,/rɛst/
parquet,/pɑˈkeɪ/
frothy,/ˈfrɒθi/
delusion,/dɪˈluʒən/
regression,/rɪˈgrɛʃɪŋ/
ample,/ˈæmpəl/
commence,/kəˈmɛns/
reinstate,/riɪnˈsteɪt/
parapet,/ˈpɛrəpɛt/
accompaniment,/əˈkʌmpənɪmənt/
disdainfully,/dɪsˈdeɪnfəli/
authoritative,/əˈθɔrɪtətɪv/
amass,/əˈmæs/
caudillo,/kaˈðio/
concierge,/kɒnsiˈɛəʒ/
atrophy,/ˈætrəfi/
frugal,/ˈfrugəl/
fickle,/ˈfɪkəl/
fascist,/ˈfæʃɪst/
bassinet,/bæsɪˈnɛt/
apprehend,/æprɪˈhɛnd/
lament,/ləˈmɛnt/
regale,/riˈgeɪl/
mogul,/ˈmʌʊgəl/
correspondent,/kɔrəˈspɒndɪnt/
ministry,/ˈmɪnɪstri/
ornate,/ɔˈneɪt/
earnestness,/ˈɜrnəstnəs/
condone,/kənˈdʌʊn/
lattice,/ˈlættɪs/
absolve,/əbˈzɔlv/
impart,/ɪmˈpɒt/
rabble,/ˈræbəl/
barrio,/ˈbɑriəʊ/
irate,/aɪˈreɪt/
humdinger,/ˌˈhʌmˌdɪŋgər/
beau,/bəʊ/
fathom,/ˈfæðəm/
bestial,/ˈbistjəl/
philanthropy,/fɪˈlænθrəpi/
bludgeon,/ˈblʌdʒən/
deem,/dim/
condescension,/ˌkɑndəˈsɛnʃən/
convulsion,/kənˈvʌlʃɪn/
provocative,/prəˈvɒkətɪv/
elusive,/ɪˈlusɪv/
liberal,/ˈlɪbərəl/
annul,/əˈnʌl/
upheaval,/əpˈhivəl/
flounder,/ˈflaʊndə/
croon,/krun/
inebriated,/ɪnˈibrieɪtɪd/
mealy,/ˈmili/
excursion,/ɛksˈkʌʒən/
chaperone,/ˈʃæpərəʊn/
agape,/əˈɡeɪp/
snicker,/ˈsnɪkə/
pedestal,/ˈpɛdɪstəl/
behalf,/bɪˈhæf/
tribute,/ˈtrɪbjut/
oppressed,/əˈprɛst/
psychedelic,/saɪkəˈdɛlɪk/
curtsy,/ˈkʌtsi/
armory,
lag,/læg/
confound,/kənˈfaʊnd/
giddy,/ˈgɪdi/
ease,/iz/
hawk,/hɔk/
foxhole,/ˌfɑksˈhoʊl/
comeback,/ˈkʌmbæk/
representative,/rɛprɛˈzɛntətɪv/
pastime,/ˈpɑstaɪm/
percussion,/pəˈkʌʃɪn/
engage,/ɛnˈgeɪdʒ/
jerky,/ˈdʒʌki/
smite,/smaɪt/
beret,/bɛˈreɪ/
cue,/kju/
flustered,/ˈflʌstəd/
commend,/kəˈmɛnd/
smithereens,/ˈsmɪðəˌrinz/
backslide,/ˌbækˈslaɪd/
artful,/ˈɑrtfəl/
contract,/ˈkɒntɹækt/
marred,/mɑrd/
abscond,/æbˈskɒnd/
seamless,/ˈsimləs/
stagnant,/ˈstægnɪnt/
retrofit,/ˈrɛtroʊˌfɪt/
vat,/væt/
muddle,/ˈmʌdəl/
subsidy,/ˈsʌbsɪdi/
bale,/beɪl/
ire,/aɪə/
pike,/paɪk/
sassy,/ˈsæsi/
complementary,/kɒmplɪˈmɛntəri/
kinesiology,/kɪniziˈɒlədʒi/
bursar,/ˈbʌsə/
conform,/kənˈfɔm/
incentivize,/ɪnˈsɛntɪvaɪz/
covert,/ˈkʌvərt/
assessment,/əˈsɛsmənt/
surveyor,/səˈveɪə/
saturation,/ˈsætʃəˌreɪʃən/
gradient,/ˈgreɪdiɪnt/
dregs,/drɛgz/
tertiary,/ˈtʌʃiɛri/
impractical,/ɪmˈpræktɪkəl/
whimsical,/ˈwɪmzɪkəl/
meticulous,/məˈtɪkjəlɪs/
piercing,/ˈpɪəsɪŋ/
contrition,/kənˈtrɪʃən/
unsuitable,/ənˈsutəbəl/
horrify,/ˈhɔrɪfaɪ/
haul,/hɔl/
louse,/laʊs/
content,/kənˈtɛnt/
tart,/tɑt/
schooner,/ˈskunə/
heave,/hiv/
swell,/swɛl/
clipper,/ˈklɪpə/
trim,/trɪm/
diminutive,/dɪˈmɪnjətɪv/
loyal,/ˈlɔɪəl/
blunder,/ˈblʌndə/
sulky,/ˈsʌlki/
thrash,/θræʃ/
barometer,/bəˈrɒmətə/
flotsam,/ˈflɑtsəm/
self-control,/sɛlfkənˈtrʌʊl/
pariah,/pəˈraɪə/
pincer,/ˈpɪnsə/
streamline,/ˈstrimlaɪn/
extract,
hearth,/hɑθ/
pounce,/paʊnts/
puncture,/ˈpʌŋktʃə/
inclined,/ɪnˈklaɪnd/
discipline,/ˈdɪsɪplɪn/
expectant,/ɛkˈspɛktɪnt/
reminiscent,/rɛmɪˈnɪsɪnt/
chairman,/ˈtʃɛəmən/
temperament,/ˈtɛmprəmənt/
objectionable,/əbˈʤɛkʃənəbəl/
timid,/ˈtɪmɪd/
pine,/paɪn/
exertion,/ɛgˈzʌʃən/
ruinous,/ˈruənəs/
stamen,/ˈsteɪmɪn/
prowl,/praʊl/
visa,/ˈvizə/
glamorous,/ˈglæmərəs/
ferment,
cardigan,/ˈkɑdɪgən/
uncharted,/ənˈtʃɑtɪd/
fumble,/ˈfʌmbəl/
nonchalant,/ˈnɒnʃələnt/
shrill,/ʃrɪl/
frigid,/ˈfrɪdʒɪd/
reproachful,/riˈproʊʧfəl/
vandalism,/ˈvændəlɪzəm/
musket,/ˈmʌskɪt/
militia,/mɪˈlɪʃə/
heir,/ɛə/
impassable,/ɪmˈpæsəbəl/
intelligence,/ɪnˈtɛlɪdʒɛns/
plentiful,/ˈplɛntɪfəl/
banish,/ˈbænɪʃ/
restraint,/rɪˈstreɪnt/
tote,/təʊt/
fleet,/flit/
convey,/kənˈveɪ/
siege,/sidʒ/
espionage,/ˈɛspiənɒʒ/
forgery,/ˈfɔdʒəri/
amateur,/ˈæmətʃə/
treason,/ˈtrizən/
martial,/ˈmɑʃəl/
liberate,/ˈlɪbəreɪt/
promptly,/ˈprɒmptli/
counterfeit,/ˈkaʊntəfɪt/
treachery,/ˈtrɛtʃʊri/
assign,/əˈsaɪn/
cipher,/ˈsaɪfə/
detection,/dɪˈtɛkʃən/
denture,/ˈdɛntʃə/
whereabouts,/ˈwɛərəbaʊts/
merely,/ˈmɪəli/
dabble,/ˈdæbəl/
almanac,/ˈɔlmənæk/
quill,/kwɪl/
emetic,/ɪˈmɛtɪk/
doom,/dum/
morale,/məʊˈræl/
privileged,/ˈprɪvəlɪdʒd/
eavesdrop,/ˈivzdrɒp/
manifesto,/mænɪˈfɛstəʊ/
displacement,/dɪsˈpleɪsmənt/
incarceration,/ɪnkɑsəˈreɪʃən/
foster,/ˈfɒstə/
arbitrarily,/ˈɑrbɪˌtrɛrəli/
credo,/ˈkridəʊ/
immunize,/ˌɪmjəˈnaɪz/
typhoid,/ˈtaɪfɔɪd/
fluent,/ˈfluənt/
stooge,/studʒ/
lackey,/ˈlæki/
prejudice,/ˈprɛdʒədɪs/
republican,/rəˈpʌblɪkən/
claustrophobia,/klɔstrəˈfʌʊbiə/
sentry,/ˈsɛntri/
barrack,/ˈbɛrək/
constitutional,/kɒnstɪˈtuʃənəl/
beneficiary,/bɛnəˈfɪʃəri/
evacuee,/ɪˈvækjui/
feasible,/ˈfizəbəl/
unqualified,/ənˈkwɒlɪfaɪd/
forswear,/fɔrˈswɛr/
renounce,/rɪˈnaʊnts/
rift,/rɪft/
resistance,/rəˈzɪstəns/
penitence,/ˈpɛnɪtəns/
incriminate,/ɪnˈkrɪməˌneɪt/
ecclesiastic,/əˈkliziˌæstɪk/
oratory,/ˈʌʊrətəʊri/
myriad,/ˈmɪriəd/
indolent,/ˈɪndəlɪnt/
cataclysm,/ˌkædəˈklɪzəm/
fanaticism,/fəˈnætəˌsɪzəm/
ascribe,/əˈskraɪb/
fetid,/ˈfɛdɪd/
luminous,/ˈlumɪnɛs/
apparition,/æpəˈrɪʃɪn/
exalt,/ɛgˈzɔlt/
profoundly,/prəʊˈfaʊndli/
provocation,/ˈprɑvəˌkeɪʃən/
rejuvenate,/rɪˈdʒuvɪneɪt/
irremediable,/ɪrɪˈmidiəbəl/
veneration,/ˌvɛnəˈreɪʃən/
irrefutable,/ɪrɪˈfjutəbəl/
beneficent,/bəˈnɛfəsənt/
euphoric,/juˈfɔrɪk/
ingenuous,/ɪnˈdʒɛnjəwəs/
harangue,/həˈræŋ/
somnolent,/ˈsɑmnələnt/
solicitous,/səˈlɪsɪtɪs/
enterprise,/ˈɛntəpraɪz/
disheveled,/dɪˈʃɛvəld/
endow,/ɛnˈdaʊ/
innocuous,/ɪˈnɑkjuɪs/
constitution,/kɒnstɪˈtuʃən/
macabre,/məˈkɑbrə/
colossal,/kəˈlɒsəl/
emaciated,/ɪˈmeɪsieɪtɪd/
cache,/kæʃ/
fortitude,/ˈfɔtɪtud/
intransigent,/ɪnˈtrænsəʤənt/
expropriate,/ɛkˈsproʊpriˌeɪt/
inflammatory,/ɪnˈflæmətɔri/
persecute,/ˈpʌsəkjut/
aspersion,/əˈspɜrʒən/
perquisite,/ˈpʌrkwəzət/
supernova,/ˈsupənəʊvə/
vaporize,/ˌveɪpəˈraɪz/
extraterrestrial,/ɛkstrətəˈrɛstriəl/
molecule,/ˈmɒləkjul/
enzyme,/ˈɛnzaɪm/
regime,/rəˈʒim/
symbiotic,/sɪmbaɪˈɒtɪk/
nonsectarian,/ˌnɑnsɛkˈtɛəriən/
arcane,/ɑrˈkeɪn/
trajectory,/trəˈdʒɛktəri/
radioactive,/reɪdiəʊˈæktɪv/
constellation,/kɒnstəˈleɪʃɪn/
centrifugal,/sɛnˈtrɪfəgəl/
tectonic,/tɛkˈtɒnɪk/
immolate,/ˌɪməˈleɪt/
binary,/ˈbaɪnɛri/
destined,/ˈdɛstɪnd/
recapitulation,/ˈrikəˈpɪtʃəˌleɪʃən/
isotope,/ˈaɪsəˌtoʊp/
nascent,/ˈnæsənt/
accretion,/əˈkriʃən/
presumptive,/priˈzʌmptɪv/
quasar,/ˈkweɪzɑ/
temporize,/ˌtɛmpəˈraɪz/
turbid,/ˈtʌrbəd/
causality,/kɔˈzælədi/
vertex,/ˈvʌtɛks/
evocative,/ɪˈvɒkətɪv/
sentient,/ˈsɛntʃɪnt/
complicated,/ˈkɒmplɪkeɪtɪd/
cerebral,/səˈribrəl/
cuneiform,/ˈkjuniəˌfɔrm/
prohibition,/prəʊɪˈbɪʃən/
obituary,/əʊˈbɪtʃɪri/
reprobate,/ˌrɛprəˈbeɪt/
cauldron,/ˈkɔldrən/
penitentiary,/pɛnəˈtɛntʃəri/
grudge,/grədʒ/
pauper,/ˈpɔpə/
mirage,/mɪˈrɑʒ/
suspect,/ˈsʌs.pɛkt/
contraption,/kənˈtræpʃɪn/
valise,/vəˈlɪz/
rumor,/ˈrumə/
corpse,/kɔps/
cadaver,/kəˈdævə/
anvil,/ˈænvɪl/
shimmer,/ˈʃɪmə/
client,/ˈklaɪɪnt/
consumer,/kənˈsumə/
customer,/ˈkʌstəmə/
entrepreneur,/ɒntrɛprɛˈnʊə/
inventor,/ɪnˈvɛntə/
investor,/ɪnˈvɛstə/
brand,/brænd/
company,/ˈkʌmpəni/
conglomerate,/kənˈɡlɒm(ə)ɹət/
design,/dɪˈzaɪn/
industry,/ˈɪndəstri/
capital,/ˈkæpɪtəl/
discount,/dɪsˈkaʊnt/
economic,/ɛkəˈnɒmɪk/
financial,/faɪˈnænʃəl/
funding,/ˈfʌndɪŋ/
marketing,/ˈmɑkɛtɪŋ/
percentage,/pəˈsɛntɪdʒ/
prediction,/prɪˈdɪkʃən/
acquisition,/ækwɪˈzɪʃɪn/
advertisement,/ædˈvʌtɪsmɪnt/
allocate,/ˈæləkeɪt/
budget,/ˈbʌdʒɪt/
campaign,/kæmˈpeɪn/
collaboration,/kəlæbəˈreɪʃən/
competition,/kɑmpəˈtɪʃən/
endorsement,/ɛnˈdɔsmənt/
generate,/ˈdʒɛnəreɪt/
guarantee,/gærənˈti/
incorporate,/ɪŋˈkɔɹpɚe(ɪ)t/
invest,/ɪnˈvɛst/
merge,/mədʒ/
pitch,/pɪtʃ/
profitable,/ˈprɒfɪtəbəl/
promote,/prəˈmʌʊt/
revolutionary,/rɛvəˈluʃənɛri/
apply,/əˈplaɪ/
career,/kəˈrɪə/
deadline,/ˈdɛdlaɪn/
employment,/ɛmˈplɔɪmənt/
experience,/ɛkˈspiriɛns/
job,/dʒɒb/
labor,/ˈleɪbə/
management,/ˈmænɪdʒmənt/
occupation,/ɒkjəˈpeɪʃən/
office,/ˈɒfɪs/
opportunity,/ɒpəʊˈtunɪti/
benefit,/ˈbɛnɛfɪt/
compensate,/ˈkɒmpɪnseɪt/
demand,/dɪˈmɑnd/
earn,/ən/
freelance,/ˈfrilæns/
incentive,/ɪnˈsɛntɪv/
income,/ˈɪnkəm/
monotonous,/məˈnɒtənəs/
promotion,/prəˈmʌʊʃən/
rate,/reɪt/
recruit,/rəˈkrut/
applicant,/ˈæplɪkɪnt/
associate,/əˈsəʊsi.ət/
candidate,/ˈkændɪdət/
colleague,/ˈkɒlig/
employee,/ɛmˈplɔji/
employer,/ɛmˈplɔjə/
sponsor,/ˈspɒnsər/
staff,/stɑf/
supervisor,/ˈsupəvaɪzə/
workforce,/ˈwʌkfɔs/
bridal,/ˈbraɪdəl/
vein,/veɪn/
vane,/veɪn/
aristocratic,/ərɪstəˈkrætɪk/
rambunctious,/ramˈbʌŋkʃəs/
scud,/skəd/
sonata,/səʊˈnɑtə/
rampart,/ˈræmpɑt/
protracted,/prəʊˈtræktɪd/
opulence,/ˈɒpjəlɪnts/
provincial,/prəˈvɪntʃəl/
clergy,/ˈklʌdʒi/
academia,/ˈækəˌdimiə/
commerce,/ˈkɒməs/
blatant,/ˈbleɪtənt/
cleric,/ˈklɛrɪk/
morality,/mɔˈrælɪti/
canon,/ˈkænən/
officiate,/əˈfɪʃieɪt/
indoctrinate,/ɪnˈdɒktrɪneɪt/
lavish,/ˈlævɪʃ/
rigorous,/ˈrɪgərəs/
activist,/ˈæktɪvɪst/
formative,/ˈfɔmətɪv/
statute,/ˈstætʃut/
repugnant,/rəˈpʌgnɪnt/
inconspicuous,/ɪnkənˈspɪkjuɪs/
ostensibly,/əˈstɛnsɪbli/
pestilent,/ˈpɛstələnt/
dispirited,/dɪˈspɪrətɪd/
intercede,/ɪntəˈsid/
forge,/fɔdʒ/
impasse,/ˈɪmpæs/
munition,/mjuˈnɪʃən/
law,/lɔ/
state,/steɪt/
government,/ˈgʌvənmɪnt/
serve,/səv/
decide,/dɪˈsaɪd/
judge,/dʒədʒ/
manage,/ˈmænɪdʒ/
duty,/ˈduti/
term,/təm/
trade,/treɪd/
leader,/ˈlidə/
district,/ˈdɪstrɪkt/
program,/ˈprʌʊgræm/
chamber,/ˈtʃeɪmbə/
mayor,/ˈmeɪə/
jury,/ˈdʒʌri/
urban,/ˈʌbən/
overturn,/əʊvəˈtʌrn/
veto,/ˈvitəʊ/
borough,/ˈbʌrəʊ/
senate,/ˈsɛnɪt/
general election,/ˈʤɛnərəl ɪˈlɛkʃən/
bicameral,/baɪˈkæmrəl/
branch,/brɑntʃ/
secretary,/ˈsɛkrətri/
defense,/dɪˈfɛns/
agriculture,/ˈægrɪkəltʃə/
education,/ɛdʒəˈkeɪʃən/
justice,/ˈdʒʌstɪs/
energy,/ˈɛnədʒi/
transportation,/trɑnspɔˈteɪʃən/
election,/ɛˈlɛkʃən/
requirement,/rɪˈkwaɪəmənt/
inauguration,/ɪnɔgjəˈrʌɪʃən/
politician,/pɒlɪˈtɪʃən/
ratify,/ˈrætɪfaɪ/
unconstitutional,/ənkɑnstɪˈtuʃɪnəl/
decision,/dɪˈsɪʒən/
document,/ˈdɑkjumɛnt/
preamble,/ˈpriæmbəl/
union,/ˈjuniən/
liberty,/ˈlɪbəti/
posterity,/pɒˈstɛrɪti/
ordain,/ˈɔˈdeɪn/
nominate,/ˈnɑmənət/
disagreement,/dɪsəˈgrimɪnt/
amendment,/əˈmɛndmɪnt/
speech,/spitʃ/
religion,/rɛˈlɪdʒən/
trial,/traɪəl/
oath,/əʊθ/
affirmation,/æfəˈmeɪʃən/
jeopardy,/ˈdʒɛpədi/
witness,/ˈwɪtnɪs/
prosecution,/prɒsɪˈkjuʃən/
abridge,/əˈbrɪdʒ/
political party,/pəˈlɪtɪkəl ˈpɑti/
conservative,/kənˈsʌvətɪv/
third party,/θəd ˈpɑti/
ballot,/ˈbælət/
primary election,/ˈprɑɪˌmɛri ɪˈlɛkʃən/
caucus,/ˈkɔkɪs/
nominee,/nɒmɪˈni/
electoral college,/ɛlɛkˈtʌʊral ˈkɒlɪdʒ/
pledge,/plɛdʒ/
majority,/məˈdʒɔrɪti/
minority,/mɪˈnɔrɪti/
swear,/swɛə/
economy,/iˈkɒnəmi/
economics,/ɛkəˈnɒmɪks/
service,/ˈsʌvɪs/
fundamental,/fəndəˈmɛntəl/
scarce,/skɛs/
scarcity,/ˈskɛsɪti/
community,/kəˈmjunɪti/
global,/ˈglʌʊbəl/
planetarium,/plænəˈtɛriəm/
adjacent,/əˈdʒeɪsɪnt/
assert,/əˈsʌt/
patron,/ˈpeɪtrən/
converse,/kənˈvɜːs/
persist,/pəˈsɪst/
distinction,/dɪsˈtɪŋkʃɪn/
underdog,/ˈʌndədɒg/
wane,/weɪn/
array,/əˈreɪ/
bereft,/bɪˈrɛft/
tender,/ˈtɛndə/
guillotine,/ˈgijətin/
partition,/pɑˈtɪʃən/
deliverance,/dəˈlɪvərɪns/
oppress,/əˈprɛs/
impoverished,/ɪmˈpɒvrɪʃt/
sleazy,/ˈslizi/
heifer,/ˈhɛfə/
digest,/daɪˈdʒɛst/
ornery,/ˈɔrnəri/
welter,/ˈwɛltər/
persona,/pəˈsʌʊnə/
suspicion,/səˈspɪʃən/
possession,/pəˈzɛʃən/
crotchety,/ˈkrɑʧəti/
sprightly,/ˈspraɪtli/
recoil,/ˈɹiːkɔɪl/
orphan,/ˈɔfən/
disembark,/dɪsɛmˈbɑk/
strict,/strɪkt/
surrogate,/ˈsʌrəgət/
task,/tɑsk/
perseverance,/pəsəˈvɪrəns/
worthy,/ˈwʌði/
pilfer,/ˈpɪlfər/
parasite,/ˈpærəsaɪt/
vagrant,/ˈveɪgrɪnt/
vermin,/ˈvʌmɪn/
endure,/ɛnˈdʒʊə/
violation,/vaɪəˈleɪʃən/
mercy,/ˈmʌsi/
domination,/dɒmɪˈneɪʃən/
dispose,/dɪsˈpʌʊz/
grant,/grɑnt/
recognition,/rɛkɒgˈnɪʃən/
astonished,/əˈstɒnɪʃt/
stumble,/ˈstʌmbəl/
adolescence,/ædəˈlɛsɪns/
faith,/feɪθ/
hypothesis,/haɪˈpɒθɪsɪs/
inundate,/ˈɪnəndeɪt/
fluctuate,/ˈflʌktʃueɪt/
hummock,/ˈhʌmək/
incontinent,/ɪnˈkɑntənənt/
incongruity,/ˌɪŋkɔŋˈgruɪti/
invigorating,/ɪnˈvɪgəreɪtɪŋ/
dovetail,/ˌdʌvˈteɪl/
canard,/kəˈnɑrd/
conflagration,/ˈkɑnfləˌgreɪʃən/
torpor,/ˈtɔpə/
skirmish,/ˈskʌmɪʃ/
expostulate,/ɛkˈspɒstʃəˌleɪt/
circumspection,/ˌsɜrkəmˈspɛkʃən/
domicile,/ˈdɒmɪsaɪl/
timorous,/ˈtɪmərəs/
masonry,/ˈmeɪsənri/
agile,/ˈædʒaɪl/
integument,/ɪnˈtɛgjəmənt/
dexterous,/ˈdɛkstərəs/
tactile,/ˈtæktaɪl/
pulmonary,/ˈpʌlmənɛri/
entrails,/ˈɛntrəlz/
physiological,/fɪziəˈlɒdʒɪkəl/
transitory,/ˈtrænzəˌtɔri/
auditory,/ˈɔdɪtɔri/
noisome,/ˈnɔɪsəm/
fecundity,/fəˈkʌndɪti/
spate,/speɪt/
philosophical,/fɪləˈsɒfɪkəl/
vestige,/ˈvɛstɪdʒ/
plausible,/ˈplɔzɪbəl/
scintillating,/ˈsɪntɪleɪtɪŋ/
vile,/vaɪl/
magnanimous,/mægˈnɒnɪməs/
tract,/trækt/
aural,/ˈɔrəl/
upshot,/ˌʌpˈʃɑt/
inept,/ɪnˈɛpt/
timbre,/ˈtɑmbə/
warp,/wɔp/
brash,/bræʃ/
synapse,/ˌsɪnˈæps/
derelict,/ˈdɛrəlɪkt/
extrovert,/ˈɛkstrəvət/
superimpose,/supərɪmˈpʌʊz/
pundit,/ˈpʌndɪt/
assimilate,/æˈsɪmɪleɪt/
majesty,/ˈmædʒɪsti/
stratosphere,/ˌstrædəˈsfɪər/
illusory,/ɪˈlusəri/
proposition,/prɒpəˈzɪʃən/
baroque,/bəˈrɒk/
poise,/pɔɪz/
chador,/ˌtʃɑˈdɔər/
melodrama,/ˈmɛləʊdrɒmə/
couture,/kuˈtʊə/
jaundice,/ˈdʒɒndɪs/
homily,/ˈhɒməli/
metronome,/ˈmɛtrənəʊm/
poignant,/ˈpɔɪnjɪnt/
ruefully,/ˈrufəli/
impish,/ˈɪmpɪʃ/
aperture,/ˈæpətʃə/
proxy,/ˈprɒksi/
quintessential,/kwɪntɪˈsɛntʃəl/
indispensable,/ɪndɪˈspɛnsəbəl/
appealing,/əˈpilɪŋ/
incidentally,/ɪnsɪˈdɛntəli/
moralist,/ˈmɔrələst/
militate,/ˌmɪləˈteɪt/
quiescent,/kwaɪˈɛsənt/
unfettered,/ənˈfɛtərd/
anomalous,/əˈnɑmələs/
rhetoric,/ˈrɛtɔrɪk/
steward,/ˈstuwəd/
pathogen,/ˈpæθədʒɪn/
coffer,/ˈkɔfər/
serendipitous,/ˌsɛrənˈdɪpɪtəs/
boon,/bun/
inflexible,/ɪnˈflɛksɪbəl/
corrugated,/ˌkɔrəˈgeɪdɪd/
fanatic,/fəˈnætɪk/
scuff,/skəf/
convoy,/ˈkɒnvɔɪ/
esteem,/ɛsˈtim/
static,/ˈstæɾɪk/
grandstand,/ˈgrænstænd/
boastful,/ˈbʌʊstfəl/
vise,/vaɪs/
shrapnel,/ˈʃræpnəl/
rustling,/ˈrʌslɪŋ/
saboteur,/ˌˈsæbəˌˈtʌr/
hesitant,/ˈhɛzɪtɪnt/
canteen,/kænˈtin/
indebted,/ɪnˈdɛtɪd/
barricade,/ˈbærɪkeɪd/
desolate,
riddle,/ˈrɪdəl/
etch,/ɛtʃ/
bangle,/ˈbæŋgəl/
sequin,/ˈsikwɪn/
prosperous,/ˈprɑspərəs/
headmaster,/ˈhɛdmɑstə/
cricket,/ˈkrɪkɪt/
composition,/kɒmpəˈzɪʃən/
garland,/ˈgɑlənd/
ostracize,/ˈɒstrəsaɪz/
abacus,/ˈæbəkəs/
inject,/ɪnˈdʒɛkt/
gash,/gæʃ/
vendor,/ˈvɛndə/
ripple,/ˈrɪpəl/
quiver,/ˈkwɪvə/
refugee,/rɛfjuˈdʒi/
kerchief,/ˈkʌtʃɪf/
fragile,/ˈfrædʒaɪl/
harsh,/hɑʃ/
tapestry,/ˈtæpɪstri/
sari,/ˈsɑri/
jumpy,/ˈdʒʌmpi/
squat,/skwɒt/
rumple,/ˈrʌmpəl/
mutter,/ˈmʌtə/
grave,/ɡɹeɪv/
grime,/graɪm/
defect,
nestle,/ˈnɛsəl/
stutter,/ˈstʌtə/
upright,/ˈʌpraɪt/
gazette,/gəˈzɛt/
presumption,/prəˈzʌmpʃən/
systemic,/sɪsˈtɛmɪk/
consulate,/ˈkɒnsələt/
persevere,/pəsəˈvɪə/
establishment,/ɛsˈtæblɪʃmɛnt/
authentic,/ɔˈθɛntɪk/
enrapture,/ɛnˈræptʃə/
ail,/eɪl/
decline,/dɪˈklɑɪn/
theorem,/ˈθirəm/
weather,/ˈwɛðə/
exclusive,/ɛksˈklusɪv/
nostalgia,/nɒsˈtældʒə/
compassion,/kəmˈpæʃɪn/
ethics,/ˈɛθɪks/
impulse,/ˈɪmpəls/
cascade,/kæsˈkeɪd/
decompose,/dikəmˈpʌʊz/
irritated,/ˈɪrɪteɪtɪd/
collaborate,/kəˈlæbɔreɪt/
stunning,/ˈstʌnɪŋ/
slump,/sləmp/
mode,/məʊd/
dander,/ˈdændə/
theoretical,/θiəˈrɛtɪkəl/
demonstrate,/ˈdɛmənstreɪt/
simulation,/sɪmjuˈleɪʃɪn/
anterior,/ænˈtiriə/
mucus,/ˈmjukəs/
logic,/ˈlɒdʒɪk/
humane,/hjuˈmeɪn/
cassette,/kəˈsɛt/
ban,/bæn/
abide by,/əˈbaɪd baɪ/
reluctant,/rɪˈlʌktɪnt/
pudgy,/ˈpʌdʒi/
resolve,/rɪˈzɑlv/
spite,/spaɪt/
odious,/ˈʌʊdiɪs/
corrupt,/kəˈrʌpt/
juvenile,/ˈʤuvənəl/
sly,/slaɪ/
obsess,/əbˈsɛs/
heft,/hɛft/
psychic,/ˈsaɪkɪk/
prosper,/ˈprɒspə/
dilemma,/daɪˈlɛmə/
perilous,/ˈpɛrɪlɪs/
chronicle,/ˈkrɒnɪkəl/
unanimous,/juˈnænɪməs/
portray,/pɔˈtreɪ/
lewd,/lud/
joist,/dʒɔɪst/
quirk,/kwək/
embellish,/ɪmˈbɛlɪʃ/
incognito,/ɪnkɒgˈnitəʊ/
fanciful,/ˈfænsɪfəl/
oust,/aʊst/
bifurcation,/ˈbaɪfərˌkeɪʃən/
altercation,/ɔltəˈkeɪʃən/
hanker,/ˈhæŋkər/
gimmick,/ˈgɪmɪk/
introspection,/ɪntrəˈspɛkʃən/
parlance,/ˈpɑrləns/
patronizing,/ˈpeɪtrənaɪzɪŋ/
emblazon,/ɛmˈbleɪzən/
tome,/təʊm/
deviation,/diviˈeɪʃən/
medley,/ˈmɛdli/
enigma,/ɛˈnɪgmə/
susceptibility,/səˈsɛptəˌbɪlədi/
distress,/dɪˈstrɛs/
obligatory,/əˈblɪgətɔri/
unresponsive,/ənreˈspɒnsɪv/
denial,/dɪˈnaɪəl/
tenant,/ˈtɛnɛnt/
fatigue,/fəˈtig/
ornithology,/ɔnɪˈθɒlədʒi/
insomnia,/ɪnˈsɒmniə/
soothing,/ˈsuðɪŋ/
pun,/pən/
condolence,/kənˈdʌʊləns/
distracted,/dɪsˈtræktɪd/
distorted,/dɪsˈtɔtɪd/
potential,/pəˈtɛnʃəl/
flirt,/flət/
teeter,/ˈtidər/
