Name,Link
120 Words Every 11th Grader Should Know,/lists/5vykmkps/120-challenging-words-for-11-graders
Essential Academic Vocabulary for High School Students,/lists/pzhdv5mw/essential-vocabulary-for-high-school-students
"Commonly Confused Words, Grades 11–12",/lists/zfg6tz76/commonly-confused-words-grades-11-and-12
Common Core Vocabulary for Grades 11-12,/lists/oeqylrdg/grades-1112
Foreign Words and Phrases Used in English,/lists/7mdntuqn/foreign-words-and-phrases-commonly-used-by-english-speakers
Flowers for Algernon,/lists/nd73pjrg/flowers-for-algernon
The Crucible,/lists/5lfsycms/crucible
"The Tragedy of Hamlet, Prince of Denmark",/lists/gp2h3mum/tragedy-of-hamlet-prince-of-denmark
A Raisin in the Sun,/lists/jg6ao4rg/raisin-in-the-sun
The Color Purple,/lists/kalnzwia/color-purple
Cat on a Hot Tin Roof,/lists/ojekjgvn/cat-on-a-hot-tin-roof
Death of a Salesman,/lists/rr3jl3wv/death-of-a-salesman
A Tale of Two Cities,/lists/her4gl7r/tale-of-two-cities
The Waste Land,/lists/qydbusnu/waste-land
My Side of the Mountain,/lists/77bkzovc/my-side-of-the-mountain
A Midsummer Night's Dream,/lists/nfsq6utl/midsummer-nights-dream
Julius Caesar,/lists/gfxq4ha3/julius-caesar
A Room with a View,/lists/7w5hlk3w/room-with-a-view
The Bell Jar,/lists/lal6fsan/bell-jar
The Last of the Mohicans,/lists/tlxxtocf/last-of-the-mohicans
All the Light We Cannot See,/lists/z3he6n5c/all-the-light-we-cannot-see
Dig,/lists/33febwmy/dig
Fences,/lists/wjldihvi/fences
The Interesting Narrative of the Life of Olaudah Equiano,/lists/mg7usvzg/interesting-narrative-of-the-life-of-olaudah-equiano
The Scarlet Letter,/lists/rbdjr4wy/scarlet-letter
The Namesake,/lists/wh3thsf6/namesake
The Awakening,/lists/gkfacrpq/awakening
The Adventures of Huckleberry Finn,/lists/i5abxgba/adventures-of-huckleberry-finn
Walden,/lists/xax3mhqe/walden
Into the Wild,/lists/pdmd4lr3/into-the-wild
The Poisonwood Bible,/lists/wuwzr44z/poisonwood-bible
As I Lay Dying,/lists/63zwgzmg/as-i-lay-dying
Their Eyes Were Watching God,/lists/w5sgkmcj/their-eyes-were-watching-god
Americanah,/lists/7el2obqu/americanah
The Great Gatsby,/lists/36dcwn7g/great-gatsby
Othello,/lists/t73gn3c2/othello
Love Medicine,/lists/aqqyoe26/love-medicine
Invisible Man,/lists/qnhtgl2k/invisible-man
The Grapes of Wrath,/lists/66ytudme/grapes-of-wrath
Song of Myself,/lists/tejh2oix/song-of-myself
Society and Solitude,/lists/j3foepjh/society-and-solitude
A Farewell To Arms,/lists/oaghuhn5/farewell-to-arms
Hiroshima,/lists/hff5zwic/hiroshima
The Woman Warrior,/lists/elvxhduk/woman-warrior
Metamorphoses,/lists/othtsg4f/metamorphoses
The Autobiography of Benjamin Franklin,/lists/ninbdbdz/autobiography-of-benjamin-franklin
The Jungle,/lists/mhretmo6/jungle
Fast Food Nation,/lists/abep4k5q/fast-food-nation
The Souls of Black Folk,/lists/ishqptbe/souls-of-black-folk
The Things They Carried,/lists/mcyyurzq/things-they-carried
Pride and Prejudice,/lists/gsyoh5tt/pride-and-prejudice
Jane Eyre,/lists/57anmsue/jane-eyre
Crime and Punishment,/lists/kd52h4ag/crime-and-punishment
Billy Budd,/lists/u6uykqgp/billy-budd
The Bluest Eye,/lists/3au3smoc/bluest-eye
Dreaming in Cuban,/lists/g4ttg3hw/dreaming-in-cuban
Common Sense,/lists/xwrgbr7x/common-sense
Black Boy,/lists/2l2daxm3/black-boy
Democracy in America,/lists/nfgpu7cy/democracy-in-america
The Tipping Point,/lists/h2untv2r/tipping-point
The Sisterhood of the Traveling Pants,/lists/kizst7jv/sisterhood-of-the-traveling-pants
Anne of Green Gables,/lists/cg6mfddz/anne-of-green-gables
The Hitchhiker's Guide to the Galaxy,/lists/3obfv2bx/hitchhikers-guide-to-the-galaxy
Twilight,/lists/wvceacd5/twilight
Uglies,/lists/trjmthp7/uglies
Graceling,/lists/xpclx43d/graceling
Eragon,/lists/ms3n5luw/eragon
The House on Mango Street,/lists/q4yoj6ga/house-on-mango-street
The Maze Runner,/lists/4oki6xt7/maze-runner
Matched,/lists/igr7i2k5/matched
To Kill a Mockingbird,/lists/bw6j2we3/to-kill-a-mockingbird
The Fault in Our Stars,/lists/isuhgv5r/fault-in-our-stars
The Catcher in the Rye,/lists/4uyxcd72/catcher-in-the-rye
The Hate U Give,/lists/kdstdaka/hate-u-give
Fahrenheit 451,/lists/73tsfezr/fahrenheit-451
Looking For Alaska,/lists/ptljvg34/looking-for-alaska
The Book Thief,/lists/ulrajwa2/book-thief
The Outsiders,/lists/mexjffmh/outsiders
The Perks of Being a Wallflower,/lists/ycocwrfr/perks-of-being-a-wallflower
The Princess Bride,/lists/vd2fr4yr/princess-bride
Lord of the Flies,/lists/hm6dhsxm/lord-of-the-flies
Paper Towns,/lists/zes2voqb/paper-towns
An Abundance of Katherines,/lists/hp4guase/abundance-of-katherines
Flowers for Algernon,/lists/nd73pjrg/flowers-for-algernon
Thirteen Reasons Why,/lists/2zikuavr/thirteen-reasons-why
The Curious Incident of the Dog in the Night-Time,/lists/mocwfvrg/curious-incident-of-the-dog-in-the-night-time
Speak,/lists/lfa6rth7/speak
Tuck Everlasting,/lists/ibgf4nkz/tuck-everlasting
The Absolutely True Diary of a Part-Time Indian,/lists/rnfzrqid/absolutely-true-diary-of-a-part-time-indian
The Call of the Wild,/lists/sqaxnmsq/call-of-the-wild
"Will Grayson, Will Grayson",/lists/q55dxrvy/will-grayson-will-grayson
Howl's Moving Castle,/lists/uoyoyfzc/howls-moving-castle
Stargirl,/lists/dkuinflc/stargirl
A Separate Peace,/lists/bc7t5o2d/separate-peace
Dune,/lists/5cs7o5wp/dune
My Sister's Keeper,/lists/4exx5n4a/my-sisters-keeper
The Dark Is Rising,/lists/xtnybuhb/dark-is-rising
Treasure Island,/lists/dtafbzbr/treasure-island
It's Kind of a Funny Story,/lists/2htbte3a/its-kind-of-a-funny-story
Miss Peregrine's Home for Peculiar Children,/lists/ctdztasi/miss-peregrines-home-for-peculiar-children
The Chocolate War,/lists/moedcc4d/chocolate-war
Before I Fall,/lists/repk7sax/before-i-fall
Unwind,/lists/mvjg43a2/unwind
If I Stay,/lists/wj4jflgz/if-i-stay
I Am the Messenger,/lists/w76xecji/i-am-the-messenger
Feed,/lists/43iooaqy/feed
The House of the Scorpion,/lists/7p3xx6xs/house-of-the-scorpion
Wintergirls,/lists/6i646xqj/wintergirls
The Lord of the Rings Collection,/lists/egnmaqty/lord-of-the-rings-collection
The Hunger Games Trilogy,/lists/guireehp/hunger-games-trilogy
The Divergent Trilogy,/lists/d425f236/divergent-trilogy
His Dark Materials,/lists/j2zsjb3u/his-dark-materials
The Harry Potter Collection,/lists/jelli5s3/harry-potter-collection
The Earthsea Cycle,/lists/fnxcteag/earthsea-cycle
The Giver Quartet,/lists/d6yyikyt/giver-quartet
Kindred,/lists/2e2j7oqx/kindred
Blood Water Paint,/lists/2dij7yjy/blood-water-paint
Out of Darkness,/lists/nppiaxe7/out-of-darkness
The Weight of Our Sky,/lists/7wf3zxgn/weight-of-our-sky
The Downstairs Girl,/lists/gnsyo6qp/downstairs-girl
The Nickel Boys,/lists/kejhm7ob/nickel-boys
Beloved,/lists/gvazalnx/beloved
Half of a Yellow Sun,/lists/55zihbmj/half-of-a-yellow-sun
In the Time of the Butterflies,/lists/juua3rgb/in-the-time-of-the-butterflies
Death Comes for the Archbishop,/lists/yhjhr26s/death-comes-for-the-archbishop
All the Light We Cannot See,/lists/z3he6n5c/all-the-light-we-cannot-see
Girl with a Pearl Earring,/lists/xz66lkxd/girl-with-a-pearl-earring
Under a War-Torn Sky,/lists/qrilvd6y/under-a-war-torn-sky
Snow Falling on Cedars,/lists/x57aapg3/snow-falling-on-cedars
Typical American,/lists/jyeg3hza/typical-american
Butterfly Yellow,/lists/26dacaqp/butterfly-yellow
Inherit the Wind,/lists/mn5qfcgc/inherit-the-wind
Under a Painted Sky,/lists/jfht65fm/under-a-painted-sky
The Rock and the River,/lists/zbicvala/rock-and-the-river
Black Swan Green,/lists/plovcvdb/black-swan-green
Fallen Angels,/lists/7nyspiyy/fallen-angels
X: A Novel,/lists/ih7gauvo/x-a-novel
Like a Love Story,/lists/3p22v4ux/like-a-love-story
Jacob Have I Loved,/lists/vjgqz6l4/jacob-have-i-loved
"Thirteen Doorways, Wolves Behind Them All",/lists/4ucd5vty/thirteen-doorways-wolves-behind-them-all
How I Live Now,/lists/sx4ug4ch/how-i-live-now
The Killer Angels,/lists/t6a5bp5p/killer-angels
Ceremony,/lists/mnyutvsj/ceremony
What the Night Sings,/lists/5payll5u/what-the-night-sings
Arcadia,/lists/7ytqvhwe/arcadia
The Joy Luck Club,/lists/dyggi2y7/joy-luck-club
White Rose,/lists/h2k2fkij/white-rose
Slaughterhouse-Five,/lists/v52s55dz/slaughterhouse-five
The Bronze Bow,/lists/fhvypfss/bronze-bow
This Light Between Us,/lists/5xnajpuj/this-light-between-us
Orphan Train,/lists/3nh6yjsx/orphan-train
Shane,/lists/2rkmp7e3/shane
Displacement,/lists/3jrxktbl/displacement
Homegoing,/lists/i6mzsex5/homegoing
Last Night at the Telegraph Club,/lists/ryt3abdc/last-night-at-the-telegraph-club
The Master Puppeteer,/lists/qut3drzs/master-puppeteer
They Went Left,/lists/ohksagr6/they-went-left
The Librarian of Auschwitz,/lists/fubbzexw/librarian-of-auschwitz
"Mara, Daughter of the Nile",/lists/psfizyrz/mara-daughter-of-the-nile
"All the Days Past, All the Days to Come",/lists/ehnn3xo3/all-the-days-past-all-the-days-to-come
The Black Kids,/lists/6vwtnfst/black-kids
Love Medicine,/lists/aqqyoe26/love-medicine
My Fine Fellow,/lists/xlukdge2/my-fine-fellow
The Light in Hidden Places,/lists/6neqxjwf/light-in-hidden-places
Self-Made Boys,/lists/k77ga4ml/self-made-boys
The City Beautiful,/lists/yhjzp2dh/city-beautiful
The Fountains of Silence,/lists/3i2pgclf/fountains-of-silence
My Name Is Not Easy,/lists/gmpsmvxk/my-name-is-not-easy
Someday We Will Fly,/lists/bfevllsm/someday-we-will-fly
Symphony for the City of the Dead,/lists/liwec547/symphony-for-the-city-of-the-dead
Pride and Prejudice,/lists/gsyoh5tt/pride-and-prejudice
The Good Earth,/lists/cnlr4dfl/good-earth
Crime and Punishment,/lists/kd52h4ag/crime-and-punishment
Founding Brothers,/lists/7ma5mfw6/founding-brothers
The Diary of a Young Girl,/lists/34jlkcgi/diary-of-a-young-girl
The Old Man and the Sea,/lists/nrmm3o4p/old-man-and-the-sea
The Bean Trees,/lists/tlq4u3pg/bean-trees
Last of the Breed,/lists/s3jgk2za/last-of-the-breed
The Other Wes Moore,/lists/2xi2vguo/other-wes-moore
The Catcher in the Rye,/lists/4uyxcd72/catcher-in-the-rye
Twenty Thousand Leagues Under the Sea,/lists/4wxanbe7/twenty-thousand-leagues-under-the-sea
Pride and Prejudice,/lists/gsyoh5tt/pride-and-prejudice
Fahrenheit 451,/lists/73tsfezr/fahrenheit-451
The Great Gatsby,/lists/36dcwn7g/great-gatsby
Lord of the Flies,/lists/hm6dhsxm/lord-of-the-flies
The Scarlet Letter,/lists/rbdjr4wy/scarlet-letter
The Old Man and the Sea,/lists/nrmm3o4p/old-man-and-the-sea
To Kill a Mockingbird,/lists/bw6j2we3/to-kill-a-mockingbird
Animal Farm,/lists/dhyygo6g/animal-farm
The Catcher in the Rye,/lists/4uyxcd72/catcher-in-the-rye
Romeo and Juliet,/lists/5xqyeass/romeo-and-juliet
Of Mice and Men,/lists/2g2c3ynd/of-mice-and-men
The Adventures of Huckleberry Finn,/lists/i5abxgba/adventures-of-huckleberry-finn
Amal Unbound,/lists/pg2gy7pb/amal-unbound
The Weight of Our Sky,/lists/7wf3zxgn/weight-of-our-sky
Purple Hibiscus,/lists/7iw4n4kz/purple-hibiscus
When My Name Was Keoko,/lists/7xdho7ed/when-my-name-was-keoko
Darius the Great Is Not Okay,/lists/e2jxce3x/darius-the-great-is-not-okay
"Listen, Slowly",/lists/upiryi5g/listen-slowly
Patron Saints of Nothing,/lists/ladpqkhz/patron-saints-of-nothing
Marcus Vega Doesn't Speak Spanish,/lists/2vk2ufbb/marcus-vega-doesnt-speak-spanish
Americanah,/lists/7el2obqu/americanah
The Red Pencil,/lists/gan64d4y/red-pencil
The House of the Spirits,/lists/3jsoef2o/house-of-the-spirits
One Hundred Years of Solitude,/lists/o4aluenj/one-hundred-years-of-solitude
In the Time of the Butterflies,/lists/juua3rgb/in-the-time-of-the-butterflies
War Brothers,/lists/krz5miq6/war-brothers
Endangered,/lists/dkt2if3f/endangered
Death and the King's Horseman,/lists/qrw65n2o/death-and-the-kings-horseman
Playing Atari with Saddam Hussein,/lists/f6s37gi2/playing-atari-with-saddam-hussein
The Astonishing Color of After,/lists/pgxso7su/astonishing-color-of-after
Love from A to Z,/lists/2heoc2th/love-from-a-to-z
Between Shades of Gray,/lists/hry6vvgc/between-shades-of-gray
The Marrow Thieves,/lists/esz3zrdy/marrow-thieves
Mexican WhiteBoy,/lists/5ooyvp4n/mexican-whiteboy
"Catherine, Called Birdy",/lists/ea32nzhd/catherine-called-birdy
A Connecticut Yankee in King Arthur's Court,/lists/dcz6bn3m/connecticut-yankee-in-king-arthurs-court
A Place to Belong,/lists/7o7p5vkt/place-to-belong
Half a World Away,/lists/poyv6tqj/half-a-world-away
Inside Out & Back Again,/lists/aqizavry/inside-out-back-again
The Bridge Home,/lists/vzjxlx6c/bridge-home
Pashmina,/lists/grug5o2n/pashmina
"The Ear, the Eye and the Arm",/lists/7pbjhwvv/ear-the-eye-and-the-arm
The Shakespeare Stealer,/lists/lyu43jqc/shakespeare-stealer
The Remains of the Day,/lists/7o2tflqb/remains-of-the-day
The London Eye Mystery,/lists/ecpftg4e/london-eye-mystery
The Grapes of Wrath,/lists/66ytudme/grapes-of-wrath
White Bird,/lists/ieszhnld/white-bird
Around the World in Eighty Days,/lists/47yd6hvn/around-the-world-in-eighty-days
The Birchbark House,/lists/rdgxgeev/birchbark-house
Our Only May Amelia,/lists/2edf23an/our-only-may-amelia
Elephant Run,/lists/trg5kgvl/elephant-run
The War That Saved My Life,/lists/n3trohjg/war-that-saved-my-life
We Are Not from Here,/lists/sw5yxoyv/we-are-not-from-here
A Man Called Ove,/lists/s2w66gch/man-called-ove
The Glory Field,/lists/2hejxe37/glory-field
"Ties That Bind, Ties That Break",/lists/m2ocycxt/ties-that-bind-ties-that-break
The Bridge of San Luis Rey,/lists/dxwmrd5e/bridge-of-san-luis-rey
The Color of My Words,/lists/niofmr2m/color-of-my-words
Year of Impossible Goodbyes,/lists/mwmgramo/year-of-impossible-goodbyes
The Kite Runner,/lists/rqmz4iyj/kite-runner
A Portrait of the Artist as a Young Man,/lists/7ptemks5/portrait-of-the-artist-as-a-young-man
Johnny Tremain,/lists/kypqaxsr/johnny-tremain
The Unfinished Angel,/lists/ffidvbv5/unfinished-angel
145th Street,/lists/6b4jt67q/145th-street
Crime and Punishment,/lists/kd52h4ag/crime-and-punishment
Girl with a Pearl Earring,/lists/xz66lkxd/girl-with-a-pearl-earring
Elijah of Buxton,/lists/uhu3xiph/elijah-of-buxton
Their Eyes Were Watching God,/lists/w5sgkmcj/their-eyes-were-watching-god
Homeless Bird,/lists/dplbmtti/homeless-bird
Sold,/lists/vfrekp4g/sold
A Single Shard,/lists/r4jky3ma/single-shard
The Good Earth,/lists/cnlr4dfl/good-earth
The Kite Fighters,/lists/2b5pncfv/kite-fighters
Nectar in a Sieve,/lists/5i344hgy/nectar-in-a-sieve
The Sword in the Tree,/lists/6doix56p/sword-in-the-tree
This Light Between Us,/lists/5xnajpuj/this-light-between-us
Shabanu,/lists/gkxi4epf/shabanu
And Both Were Young,/lists/bcp7kov3/and-both-were-young
A Passage to India,/lists/2rdboxdq/passage-to-india
The Night Diary,/lists/3s5khhwx/night-diary
A Bend in the River,/lists/6vqkxi7q/bend-in-the-river
Howards End,/lists/lfik3ta7/howards-end
Charlie Thorne and the Last Equation,/lists/i2iufgjq/charlie-thorne-and-the-last-equation
Genuine Fraud,/lists/7ueb7jgi/genuine-fraud
Murder on the Orient Express,/lists/rnrq34vj/murder-on-the-orient-express
The Sisterhood of the Traveling Pants,/lists/kizst7jv/sisterhood-of-the-traveling-pants
The Lost Year,/lists/d23lnf6e/lost-year
The Candle and the Flame,/lists/qc37t7lt/candle-and-the-flame
Ronit and Jamil,/lists/lgryrnle/ronit-and-jamil
Omar Rising,/lists/i6ykekvg/omar-rising
A Thousand Splendid Suns,/lists/t4l5cckf/thousand-splendid-suns
One Half from the East,/lists/7ipf2nej/one-half-from-the-east
The Summer of Bitter and Sweet,/lists/3i64xz5w/summer-of-bitter-and-sweet
My Fine Fellow,/lists/xlukdge2/my-fine-fellow
High Spirits,/lists/bn5z7yal/high-spirits
When the Angels Left the Old Country,/lists/2jynkjxz/when-the-angels-left-the-old-country
"I, Juan de Pareja",/lists/u622suyq/i-juan-de-pareja
The Beekeeper of Aleppo,/lists/fxqbdw35/beekeeper-of-aleppo
The Fountains of Silence,/lists/3i2pgclf/fountains-of-silence
City of Saints and Thieves,/lists/ef7hdews/city-of-saints-and-thieves
Summer of the Mariposas,/lists/axs4mjlu/summer-of-the-mariposas
New From Here,/lists/lj6b42uc/new-from-here
Ikenga,/lists/mg2oxs3p/ikenga
Hamilton,/lists/ghoh3wl4/hamilton
A Raisin in the Sun,/lists/jg6ao4rg/raisin-in-the-sun
The Crucible,/lists/5lfsycms/crucible
Harry Potter and the Cursed Child,/lists/m7lmtesh/harry-potter-and-the-cursed-child
Arcadia,/lists/7ytqvhwe/arcadia
A Doll's House,/lists/vrrbrpll/dolls-house
Antigone,/lists/4gtqxcii/antigone
Cat on a Hot Tin Roof,/lists/ojekjgvn/cat-on-a-hot-tin-roof
Death of a Salesman,/lists/rr3jl3wv/death-of-a-salesman
Our Town,/lists/djtphzbl/our-town
Death and the King's Horseman,/lists/qrw65n2o/death-and-the-kings-horseman
Doctor Faustus,/lists/iedsltby/doctor-faustus
Fences,/lists/wjldihvi/fences
Inherit the Wind,/lists/mn5qfcgc/inherit-the-wind
Oedipus the King,/lists/yd25z735/oedipus-the-king
Oedipus at Colonus,/lists/2v45ocvp/oedipus-at-colonus
Rosencrantz and Guildenstern Are Dead,/lists/4cfp6ax5/rosencrantz-and-guildenstern-are-dead
Pygmalion,/lists/2rhlxr7x/pygmalion
The Diary of Anne Frank,/lists/ntdvw5pb/diary-of-anne-frank
A Streetcar Named Desire,/lists/msghgr5b/streetcar-named-desire
The Miracle Worker,/lists/42rldwmn/miracle-worker
The Duchess of Malfi,/lists/wieucy2r/duchess-of-malfi
The Glass Menagerie,/lists/vtcyr3wr/glass-menagerie
The Importance of Being Earnest,/lists/zfwpksja/importance-of-being-earnest
Lady Windermere's Fan,/lists/5wgz6tvf/lady-windermeres-fan
Prometheus Unbound,/lists/sokvw2ms/prometheus-unbound
Twelve Angry Men,/lists/rz37roaw/twelve-angry-men
Waiting for Godot,/lists/rh5mnv6p/waiting-for-godot
for colored girls who have considered suicide / when the rainbow is enuf,/lists/l65qixpo/for-colored-girls-who-have-considered-suicide-when-the-rainbow-is-enuf
Trifles,/lists/blo4iuzs/trifles
The Laramie Project,/lists/c3jrynnz/laramie-project
Arms and the Man,/lists/jtgz43ha/arms-and-the-man
All My Sons,/lists/6vcuikpd/all-my-sons
High Spirits,/lists/bn5z7yal/high-spirits
1-2-3 Scream!,/lists/cv5jdjaf/1-2-3-scream
Baseball in April,/lists/muhxwac2/baseball-in-april
Interpreter of Maladies,/lists/uyyfvnsq/interpreter-of-maladies
The Ch'i-lin Purse,/lists/4b2b7pxk/chi-lin-purse
Auggie & Me,/lists/deat6vtg/auggie-me
Blackout,/lists/64shqpqm/blackout
Fresh Ink,/lists/6v5axsxb/fresh-ink
The Jungle Book,/lists/c7rosgxt/jungle-book
Flying Lessons & Other Stories,/lists/vtr32v5t/flying-lessons-other-stories
The Circuit,/lists/zuodvehb/circuit
Krik? Krak!,/lists/bs77ahiq/krik-krak
Nine Stories,/lists/trivc4pp/nine-stories
Sideways Stories from Wayside School,/lists/ven646p6/sideways-stories-from-wayside-school
Dubliners,/lists/2nuks26g/dubliners
Selected Short Stories of H.G. Wells,/lists/2eu3j24h/selected-short-stories-of-h-g-wells
"Winesburg, Ohio",/lists/zx64qrvr/winesburg-ohio
The Canterville Ghost,/lists/oqyh4ux3/canterville-ghost
The Collectors,/lists/e4njep3m/collectors
You Are Here: Connecting Flights,/lists/jkcc26bo/you-are-here-connecting-flights
Awkward,/lists/aiucjeu4/awkward
Smile,/lists/ae7srck7/smile
New Kid,/lists/gxipmj27/new-kid
Measuring Up,/lists/gu3ux2mi/measuring-up
This Was Our Pact,/lists/2l44yk6q/this-was-our-pact
The Magic Fish,/lists/kun3bvnv/magic-fish
March: Book One,/lists/r5nlld2p/march-book-one
Persepolis,/lists/saaefyoz/persepolis
Brave,/lists/vg32wxgx/brave
Crush,/lists/kiccozmk/crush
The Unwanted,/lists/o7cbv35s/unwanted
I Am Alfonso Jones,/lists/vrhbmxtu/i-am-alfonso-jones
Maus I: My Father Bleeds History,/lists/yim7rk5o/maus-i-my-father-bleeds-history
All's Faire in Middle School,/lists/emdsvep6/alls-faire-in-middle-school
Guts,/lists/fbzgg6pg/guts
The Cardboard Kingdom,/lists/2dwh5nrs/cardboard-kingdom
They Called Us Enemy,/lists/dxbjnqqv/they-called-us-enemy
Laura Dean Keeps Breaking Up with Me,/lists/lozz7vwf/laura-dean-keeps-breaking-up-with-me
Primates,/lists/lmglpnz6/primates
Stargazing,/lists/q5okvehy/stargazing
Kiss Number 8,/lists/mwv7w33j/kiss-number-8
Pashmina,/lists/grug5o2n/pashmina
In Real Life,/lists/xhluhhip/in-real-life
Class Act,/lists/akf37i3z/class-act
Displacement,/lists/3jrxktbl/displacement
The Legend of Auntie Po,/lists/ydbyroir/legend-of-auntie-po
Flamer,/lists/ppzja7nx/flamer
Secret Coders,/lists/xjfbml34/secret-coders
Dragon Hoops,/lists/7qq34f5t/dragon-hoops
Twins,/lists/r4vmme45/twins
Queen of the Sea,/lists/caag2ghb/queen-of-the-sea
Snapdragon,/lists/ck4iswgt/snapdragon
White Bird,/lists/ieszhnld/white-bird
Drama,/lists/eq5jfm24/drama
Sisters,/lists/wufypo3k/sisters
March: Book Two,/lists/m3ikihjh/march-book-two
March: Book Three,/lists/lolsgjo6/march-book-three
March: Book One,/lists/r5nlld2p/march-book-one
When Stars Are Scattered,/lists/b23iccua/when-stars-are-scattered
El Deafo,/lists/gu4u67jg/el-deafo
Banned Book Club,/lists/bv4au5dx/banned-book-club
"Hey, Kiddo",/lists/ljyioimr/hey-kiddo
Persepolis,/lists/saaefyoz/persepolis
Astronauts,/lists/wt3c46uo/astronauts
Dragon Hoops,/lists/7qq34f5t/dragon-hoops
Drowned City: Hurricane Katrina & New Orleans,/lists/kdgzhu53/drowned-city-hurricane-katrina-new-orleans
They Called Us Enemy,/lists/dxbjnqqv/they-called-us-enemy
Pelé,/lists/lveq2egc/pele
Primates,/lists/lmglpnz6/primates
World Without Fish,/lists/tvu4lprw/world-without-fish
Guts,/lists/fbzgg6pg/guts
March: Book Two,/lists/m3ikihjh/march-book-two
March: Book Three,/lists/lolsgjo6/march-book-three
Sisters,/lists/wufypo3k/sisters
Smile,/lists/ae7srck7/smile
The Unwanted,/lists/o7cbv35s/unwanted
Be Prepared,/lists/bpwctrts/be-prepared
Maus I: My Father Bleeds History,/lists/yim7rk5o/maus-i-my-father-bleeds-history
Maus II: And Here My Troubles Began,/lists/er43liok/maus-ii-and-here-my-troubles-began
The Faithful Spy,/lists/64gvlsd6/faithful-spy
Almost American Girl,/lists/mgv3reo3/almost-american-girl
Run: Book One,/lists/xafrwlae/run-book-one
A First Time for Everything,/lists/hhybquao/first-time-for-everything
Mexikid,/lists/kip2q4nr/mexikid
Hidden Figures,/lists/mvpp2vfg/hidden-figures
Amelia Lost,/lists/uz2y5ipb/amelia-lost
Vincent and Theo,/lists/6wtffwqe/vincent-and-theo
Out of Darkness,/lists/aijykxcc/out-of-darkness
Pelé,/lists/lveq2egc/pele
First Man: The Life of Neil A. Armstrong,/lists/2xsie3i7/first-man-the-life-of-neil-a-armstrong
Harriet Tubman,/lists/3yy6ha34/harriet-tubman
Unbroken,/lists/jxbiqg5d/unbroken
Cleopatra,/lists/qbptiyrh/cleopatra
Charles and Emma,/lists/hhdqemha/charles-and-emma
The Faithful Spy,/lists/64gvlsd6/faithful-spy
The Immortal Life of Henrietta Lacks,/lists/nngbzwua/immortal-life-of-henrietta-lacks
The Girl Who Drew Butterflies,/lists/fpflxbkm/girl-who-drew-butterflies
Primates,/lists/lmglpnz6/primates
Astronauts,/lists/wt3c46uo/astronauts
Claudette Colvin: Twice Toward Justice,/lists/ps2y73jf/claudette-colvin-twice-toward-justice
Escape from Camp 14,/lists/uz6ual75/escape-from-camp-14
Drama High,/lists/kunpp6bz/drama-high
Enrique's Journey,/lists/jj7jhbxl/enriques-journey
"George Washington, Spymaster",/lists/3jfb7kv5/george-washington-spymaster
Surviving Hitler,/lists/mzmjve3u/surviving-hitler
The Voice That Challenged a Nation,/lists/h4oar4e4/voice-that-challenged-a-nation
The Other Wes Moore,/lists/2xi2vguo/other-wes-moore
Zeitoun,/lists/5zs3vbnj/zeitoun
Lincoln's Last Days,/lists/aao5li5l/lincolns-last-days
Founding Brothers,/lists/7ma5mfw6/founding-brothers
The Rise and Fall of Charles Lindbergh,/lists/titdlevl/rise-and-fall-of-charles-lindbergh
Sachiko,/lists/6ilo46ai/sachiko
The Boy Who Invented TV,/lists/yydnx4ko/boy-who-invented-tv
Promises to Keep,/lists/ihfvxzau/promises-to-keep
Sojourner Truth: Ain't I a Woman?,/lists/havykmcw/sojourner-truth-aint-i-a-woman
Endgame,/lists/4igqtvq4/endgame
The Woman All Spies Fear,/lists/4yndrkxv/woman-all-spies-fear
In the Shadow of Liberty,/lists/wwnndfxk/in-the-shadow-of-liberty
A Face for Picasso,/lists/mgrppyte/face-for-picasso
I Am Malala,/lists/kkjix4tr/i-am-malala
Almost American Girl,/lists/mgv3reo3/almost-american-girl
Educated,/lists/4l4dqxks/educated
I Know Why the Caged Bird Sings,/lists/mp532xvv/i-know-why-the-caged-bird-sings
Apple,/lists/2ljn37ry/apple
Brown Girl Dreaming,/lists/esrg7ttd/brown-girl-dreaming
The Glass Castle,/lists/ewxdgzaz/glass-castle
Born a Crime,/lists/fgyutrhj/born-a-crime
"Hey, Kiddo",/lists/ljyioimr/hey-kiddo
Hunger of Memory,/lists/yjhwbxuq/hunger-of-memory
Kaffir Boy,/lists/jx4m6amw/kaffir-boy
"March Forward, Girl",/lists/bfqocarg/march-forward-girl
Black Boy,/lists/2l2daxm3/black-boy
How Dare the Sun Rise,/lists/qe5g7rdz/how-dare-the-sun-rise
October Sky,/lists/yollemca/october-sky
Ugly,/lists/ku2kawtw/ugly
Taking Flight,/lists/p4aym64o/taking-flight
Three Little Words,/lists/zsd536a6/three-little-words
Free Lunch,/lists/aw6wassc/free-lunch
I Was Their American Dream,/lists/rfzmtijj/i-was-their-american-dream
Ordinary Hazards,/lists/zgnxrsb4/ordinary-hazards
A Long Way Home,/lists/6skrnd6t/long-way-home
All Boys Aren't Blue,/lists/uzkd5v4o/all-boys-arent-blue
Facing the Lion,/lists/gwlgvkzf/facing-the-lion
Breaking Through,/lists/uqsfkpmd/breaking-through
A First Time for Everything,/lists/hhybquao/first-time-for-everything
Notes of a Native Son,/lists/c464fowx/notes-of-a-native-son
Consider the Lobster,/lists/ny4obdvn/consider-the-lobster
A Vindication of the Rights of Woman,/lists/hbbcxjhr/vindication-of-the-rights-of-woman
Between the World and Me,/lists/knzyjvrn/between-the-world-and-me
Me Talk Pretty One Day,/lists/nf4fr5w6/me-talk-pretty-one-day
The Fire Next Time,/lists/vgried2c/fire-next-time
A Room of One's Own,/lists/36odwfje/room-of-ones-own
The Souls of Black Folk,/lists/ishqptbe/souls-of-black-folk
200 Words Every 11th Grader Should Know How to Spell,/lists/oda526vp/words-every-11th-grader-should-know-how-to-spell
Writing in the High School Classroom,/lists/36pi5wam/writing-in-the-classroom-high-school
High School Creative Writing,/lists/zvyovlmv/creative-writing-high-school
Argumentative Writing,/lists/dldjvvte/argumentative-writing
Narrative Writing,/lists/cviig5us/narrative-writing
Expository Writing,/lists/imiygxns/expository-writing
Said is Dead,/lists/n3wg3knp/said-is-dead
Positive and negative words to describe a person,/lists/txuwd4w7/positive-and-negative-words-to-describe-a-person
Idioms and expressions,/lists/kklvpaqe/idioms-and-expressions
Synonyms,/lists/vfq5mqum/synonyms
Written in Bone,/lists/o2am3bmq/written-in-bone
Founding Brothers,/lists/7ma5mfw6/founding-brothers
"George Washington, Spymaster",/lists/3jfb7kv5/george-washington-spymaster
An American Plague,/lists/tlaes5y7/american-plague
Harriet Tubman,/lists/3yy6ha34/harriet-tubman
Harriet Tubman,/lists/oto7zwdk/harriet-tubman
Killing Lincoln,/lists/xl5nhoxt/killing-lincoln
Lincoln's Last Days,/lists/aao5li5l/lincolns-last-days
Lincoln's Grave Robbers,/lists/6r3vyt7r/lincolns-grave-robbers
The Great Fire,/lists/f3nivlh3/great-fire
Terrible Typhoid Mary,/lists/pl7xv6fp/terrible-typhoid-mary
1919,/lists/xq7mc3lj/1919
A Few Red Drops,/lists/mkdkilal/few-red-drops
Votes for Women!,/lists/xcv3cvnz/votes-for-women
Amelia Lost,/lists/uz2y5ipb/amelia-lost
The Rise and Fall of Charles Lindbergh,/lists/titdlevl/rise-and-fall-of-charles-lindbergh
Bomb,/lists/odb6fivj/bomb
Uprooted,/lists/yhlexelz/uprooted
The Voice That Challenged a Nation,/lists/h4oar4e4/voice-that-challenged-a-nation
Because They Marched,/lists/tqyqy3vt/because-they-marched
Claudette Colvin: Twice Toward Justice,/lists/ps2y73jf/claudette-colvin-twice-toward-justice
Little Rock Girl 1957,/lists/stan5rzi/little-rock-girl-1957
Twelve Days in May,/lists/ree4kydo/twelve-days-in-may
Spies,/lists/wnnuje42/spies
Most Dangerous,/lists/yn6yv7xc/most-dangerous
Boots on the Ground: America's War in Vietnam,/lists/5bnifxeq/boots-on-the-ground-americas-war-in-vietnam
Hidden Figures,/lists/mvpp2vfg/hidden-figures
Lifting as We Climb,/lists/kzg5eavx/lifting-as-we-climb
Stamped,/lists/chn2mgkt/stamped
The New Jim Crow,/lists/y3d3pq2k/new-jim-crow
Drowned City: Hurricane Katrina & New Orleans,/lists/kdgzhu53/drowned-city-hurricane-katrina-new-orleans
Nickel and Dimed,/lists/lu35eqg3/nickel-and-dimed
Class Matters,/lists/47bbq27v/class-matters
An Indigenous Peoples' History of the United States,/lists/kwx3v37g/indigenous-peoples-history-of-the-united-states
The Beloved World of Sonia Sotomayor,/lists/uzrbfevo/beloved-world-of-sonia-sotomayor
You Call This Democracy?,/lists/adwcvu4u/you-call-this-democracy
Second Treatise of Government,/lists/u64f35cl/second-treatise-of-government
Common Sense,/lists/xwrgbr7x/common-sense
On Liberty,/lists/qzbwin7s/on-liberty
The Autobiography of Benjamin Franklin,/lists/ninbdbdz/autobiography-of-benjamin-franklin
Democracy in America,/lists/nfgpu7cy/democracy-in-america
Civil Disobedience,/lists/izjau3be/civil-disobedience
The Interesting Narrative of the Life of Olaudah Equiano,/lists/mg7usvzg/interesting-narrative-of-the-life-of-olaudah-equiano
Narrative of the Life of Frederick Douglass,/lists/umwz3uwu/narrative-of-the-life-of-frederick-douglass
Twelve Years a Slave,/lists/aayxwoyr/12-years-a-slave
Incidents in the Life of a Slave Girl,/lists/pgypoksb/incidents-in-the-life-of-a-slave-girl
The Souls of Black Folk,/lists/ishqptbe/souls-of-black-folk
They Called Us Enemy,/lists/dxbjnqqv/they-called-us-enemy
A Mighty Long Way,/lists/homoxetf/mighty-long-way
Warriors Don't Cry,/lists/mkr57dqh/warriors-dont-cry
"March Forward, Girl",/lists/bfqocarg/march-forward-girl
March: Book One,/lists/r5nlld2p/march-book-one
March: Book Two,/lists/m3ikihjh/march-book-two
March: Book Three,/lists/lolsgjo6/march-book-three
While the World Watched,/lists/3bynocr4/while-the-world-watched
Turning 15 on the Road to Freedom,/lists/eb32x2o2/turning-15-on-the-road-to-freedom
The Autobiography of Malcolm X,/lists/lpjwj5rz/autobiography-of-malcolm-x
The Beloved World of Sonia Sotomayor,/lists/uzrbfevo/beloved-world-of-sonia-sotomayor
We the People,/lists/dm4rsc3o/we-the-people
The Federalist Papers,/lists/xdf4o5f7/federalist-papers
Amendments to the U.S. Constitution,/lists/kbjqqqgv/amendments-to-the-u-s-constitution
Letter of the Law,/lists/ui4b2qfu/letter-of-the-law
Presidential Parlance,/lists/izmfh6e4/presidential-parlance
American History and Government: Essential Vocabulary﻿,/lists/e7i2wuj4/american-history-government-and-civics-essentials
Boots on the Ground: America's War in Vietnam,/lists/5bnifxeq/boots-on-the-ground-americas-war-in-vietnam
How Dare the Sun Rise,/lists/qe5g7rdz/how-dare-the-sun-rise
Most Dangerous,/lists/yn6yv7xc/most-dangerous
A Long Way Gone,/lists/eyx4omdi/long-way-gone
Night,/lists/kiyp4rfs/night
Farewell to Manzanar,/lists/4bgbjpyn/farewell-to-manzanar
Maus I: My Father Bleeds History,/lists/yim7rk5o/maus-i-my-father-bleeds-history
Maus II: And Here My Troubles Began,/lists/er43liok/maus-ii-and-here-my-troubles-began
Zlata’s Diary,/lists/xspjxzyg/zlatas-diary
Persepolis,/lists/saaefyoz/persepolis
Surviving Hitler,/lists/mzmjve3u/surviving-hitler
First They Killed My Father,/lists/beex4cgs/first-they-killed-my-father
"Lost Boy, Lost Girl",/lists/mnfjrvfr/lost-boy-lost-girl
The Diary of a Young Girl,/lists/34jlkcgi/diary-of-a-young-girl
Tasting the Sky,/lists/nvrlzruo/tasting-the-sky
The Nazi Hunters,/lists/5j4vyuhv/nazi-hunters
The Plot to Kill Hitler,/lists/3mcelvhg/plot-to-kill-hitler
The Boys Who Challenged Hitler,/lists/k3ay55ia/boys-who-challenged-hitler
Symphony for the City of the Dead,/lists/liwec547/symphony-for-the-city-of-the-dead
Uprooted,/lists/yhlexelz/uprooted
They Called Us Enemy,/lists/dxbjnqqv/they-called-us-enemy
Sachiko,/lists/6ilo46ai/sachiko
The Grand Escape,/lists/x7xt6hxi/grand-escape
A Light in the Darkness,/lists/6ojqilks/light-in-the-darkness
We Are Displaced,/lists/nhbkjiaf/we-are-displaced
Torpedoed,/lists/t65yutt4/torpedoed
A Thousand Sisters,/lists/y44eeasz/thousand-sisters
Nazi Saboteurs,/lists/bq22oejc/nazi-saboteurs
The War to End All Wars,/lists/w5xgoybv/war-to-end-all-wars
Torpedoed,/lists/t65yutt4/torpedoed
Uprooted,/lists/yhlexelz/uprooted
Code Name Verity,/lists/7xkd3hqp/code-name-verity
Projekt 1065,/lists/u5mmd3lc/projekt-1065
Salt to the Sea,/lists/muydict7/salt-to-the-sea
Number the Stars,/lists/hgng7spy/number-the-stars
Unbroken,/lists/jxbiqg5d/unbroken
Code Talker,/lists/cb3xs6sg/code-talker
They Called Us Enemy,/lists/dxbjnqqv/they-called-us-enemy
We Are Not Free,/lists/i2b6ogbn/we-are-not-free
The War That Saved My Life,/lists/n3trohjg/war-that-saved-my-life
Maus I: My Father Bleeds History,/lists/yim7rk5o/maus-i-my-father-bleeds-history
Maus II: And Here My Troubles Began,/lists/er43liok/maus-ii-and-here-my-troubles-began
Under a War-Torn Sky,/lists/qrilvd6y/under-a-war-torn-sky
Slaughterhouse-Five,/lists/v52s55dz/slaughterhouse-five
"Thirteen Doorways, Wolves Behind Them All",/lists/4ucd5vty/thirteen-doorways-wolves-behind-them-all
Between Shades of Gray,/lists/hry6vvgc/between-shades-of-gray
White Bird,/lists/ieszhnld/white-bird
Surviving Hitler,/lists/mzmjve3u/surviving-hitler
Catch-22,/lists/s3hp6p6n/catch-22
Milkweed,/lists/woal2ouy/milkweed
The Faithful Spy,/lists/64gvlsd6/faithful-spy
Prisoner B-3087,/lists/alaj6wpj/prisoner-b-3087
The Boy Who Dared,/lists/55jusiis/boy-who-dared
A Place to Belong,/lists/7o7p5vkt/place-to-belong
Farewell to Manzanar,/lists/4bgbjpyn/farewell-to-manzanar
Girl in the Blue Coat,/lists/skhioupq/girl-in-the-blue-coat
The Devil's Arithmetic,/lists/zfmqv2hj/devils-arithmetic
All My Sons,/lists/6vcuikpd/all-my-sons
Night,/lists/kiyp4rfs/night
The Diary of a Young Girl,/lists/34jlkcgi/diary-of-a-young-girl
The Diary of Anne Frank,/lists/ntdvw5pb/diary-of-anne-frank
The Boy on the Wooden Box,/lists/lpufrfir/boy-on-the-wooden-box
White Rose,/lists/h2k2fkij/white-rose
The Boys Who Challenged Hitler,/lists/k3ay55ia/boys-who-challenged-hitler
The Boy in the Striped Pajamas,/lists/jscantzx/boy-in-the-striped-pajamas
The Plot to Kill Hitler,/lists/3mcelvhg/plot-to-kill-hitler
Displacement,/lists/3jrxktbl/displacement
Hiroshima,/lists/hff5zwic/hiroshima
All the Light We Cannot See,/lists/z3he6n5c/all-the-light-we-cannot-see
The War I Finally Won,/lists/clhnod7j/war-i-finally-won
This Light Between Us,/lists/5xnajpuj/this-light-between-us
A Light in the Darkness,/lists/6ojqilks/light-in-the-darkness
The Librarian of Auschwitz,/lists/fubbzexw/librarian-of-auschwitz
Resistance,/lists/twit2dpj/resistance
They Went Left,/lists/ohksagr6/they-went-left
Freakonomics,/lists/3ps6caxd/freakonomics
"Guns, Germs, and Steel",/lists/6pe2bvrz/guns-germs-and-steel
The World Is Flat,/lists/ah3kpzte/world-is-flat
Nickel and Dimed,/lists/lu35eqg3/nickel-and-dimed
Class Matters,/lists/47bbq27v/class-matters
The Tipping Point,/lists/h2untv2r/tipping-point
Sugar Changed the World,/lists/hvlzk4bs/sugar-changed-the-world
Fast Food Nation,/lists/abep4k5q/fast-food-nation
Big Science,/lists/dwe6g6au/big-science
High School Geometry,/lists/otvd33re/high-school-geometry
Calculus,/lists/vqe2d6bw/calculus
Essential Science Vocabulary,/lists/ln7kok2u/essential-science-vocabulary
The Immortal Life of Henrietta Lacks,/lists/nngbzwua/immortal-life-of-henrietta-lacks
Hidden Figures,/lists/mvpp2vfg/hidden-figures
First Man: The Life of Neil A. Armstrong,/lists/2xsie3i7/first-man-the-life-of-neil-a-armstrong
Cosmos,/lists/3kqoob3g/cosmos
On the Origin of Species,/lists/arxbqwms/on-the-origin-of-species
A Brief History of Time,/lists/cowkeqb6/brief-history-of-time
Big Science,/lists/dwe6g6au/big-science
World Without Fish,/lists/tvu4lprw/world-without-fish
Flying to the Moon,/lists/54eh765a/flying-to-the-moon
The Double Helix,/lists/itujrt4a/double-helix
The Hot Zone,/lists/lucwk3g5/hot-zone
My Life with the Chimpanzees,/lists/2eozgdrf/my-life-with-the-chimpanzees
Silent Spring,/lists/jrmuxec7/silent-spring
The Gene,/lists/nsrixdmr/gene
Women in Space,/lists/dhudlzfm/women-in-space
The Big Thirst,/lists/5dnfbau7/big-thirst
Tracking Trash,/lists/ir7kl4lm/tracking-trash
Sapiens,/lists/t4lqc7ho/sapiens
The Girl Who Drew Butterflies,/lists/fpflxbkm/girl-who-drew-butterflies
The Man Who Mistook His Wife for a Hat,/lists/kbd4gwqp/man-who-mistook-his-wife-for-a-hat
Eyes Wide Open,/lists/bwpkuc6t/eyes-wide-open
My Life with the Chimpanzees,/lists/2eozgdrf/my-life-with-the-chimpanzees
World Without Fish,/lists/tvu4lprw/world-without-fish
The Boy Who Harnessed the Wind,/lists/vm6eeu7i/boy-who-harnessed-the-wind
A Walk in the Woods,/lists/yy5k5oej/walk-in-the-woods
Silent Spring,/lists/jrmuxec7/silent-spring
Walden,/lists/xax3mhqe/walden
Drowned City: Hurricane Katrina & New Orleans,/lists/kdgzhu53/drowned-city-hurricane-katrina-new-orleans
The Omnivore's Dilemma,/lists/whbnyr63/omnivores-dilemma
The Hot Zone,/lists/lucwk3g5/hot-zone
Into Thin Air,/lists/tcfu6q2w/into-thin-air
Into the Wild,/lists/pdmd4lr3/into-the-wild
The Girl Who Drew Butterflies,/lists/fpflxbkm/girl-who-drew-butterflies
Tracking Trash,/lists/ir7kl4lm/tracking-trash
The Big Thirst,/lists/5dnfbau7/big-thirst
The Language of Standardized Tests,/lists/4ejzxg4g/language-of-standardized-tests
AP English Language and Composition,/lists/x6acjnl7/ap-english-language-and-composition-exam
The ACT: The Language of the Test,/lists/c2juijlq/act-the-language-of-the-test
The ACT Reading Test: Multiple-Meaning Words,/lists/killrpda/act-reading-test-multiple-meaning-words
The ACT Reading Test: Words to Capture Tone,/lists/c43uvreu/act-reading-test-words-to-capture-tone
The ACT Math Test,/lists/eyb6jmtg/act-math-test
The ACT Science Test,/lists/ssoewjaf/act-science-test
Multiple-Meaning Words,/lists/ekjmtueu/multiple-meaning-words
Language of the Test,/lists/7q3fdlxa/language-of-the-test
Words to Capture Tone,/lists/rqec2iix/words-to-capture-tone
The GED: The Language of the Test,/lists/yi4n3h3q/ged-the-language-of-the-test
The GED Reasoning Through Language Arts Test,/lists/sjfgtzwo/ged-reasoning-through-language-arts-test
The GED Mathematical Reasoning Test,/lists/rdicel4n/ged-math-test
The GED Social Studies Test,/lists/tbryuo5l/ged-social-studies-test
The GED Science Test,/lists/lxbcrqgt/ged-science-test
myPerspectives,/lists/edbli7s6/grade-11
Sensory Overload,/lists/b7zyg52j/sensory-overload
Art Attack,/lists/zp4k36ye/art-attack-the-vocabulary-of-creativity
On the Contrary,/lists/drrsvw3x/on-the-contrary
