Name,Link,Category
,/lists/tln3hix5/fallout,Non-Fiction
,/lists/tl4r6xaq/camp-panda,Non-Fiction
,/lists/nnbem5ba/reaching-for-the-moon,Non-Fiction
A Face for Picasso,/lists/mgrppyte/face-for-picasso,Non-Fiction
I Am Malala,/lists/kkjix4tr/i-am-malala,Non-Fiction
Almost American Girl,/lists/mgv3reo3/almost-american-girl,Non-Fiction
Educated,/lists/4l4dqxks/educated,Non-Fiction
I Know Why the Caged Bird Sings,/lists/mp532xvv/i-know-why-the-caged-bird-sings,Non-Fiction
Apple,/lists/2ljn37ry/apple,Non-Fiction
Brown Girl Dreaming,/lists/esrg7ttd/brown-girl-dreaming,Non-Fiction
The Glass Castle,/lists/ewxdgzaz/glass-castle,Non-Fiction
Born a Crime,/lists/fgyutrhj/born-a-crime,Non-Fiction
"Hey, Kiddo",/lists/ljyioimr/hey-kiddo,Non-Fiction
Hunger of Memory,/lists/yjhwbxuq/hunger-of-memory,Non-Fiction
Kaffir Boy,/lists/jx4m6amw/kaffir-boy,Non-Fiction
"March Forward, Girl",/lists/bfqocarg/march-forward-girl,Non-Fiction
Black Boy,/lists/2l2daxm3/black-boy,Non-Fiction
How Dare the Sun Rise,/lists/qe5g7rdz/how-dare-the-sun-rise,Non-Fiction
October Sky,/lists/yollemca/october-sky,Non-Fiction
Ugly,/lists/ku2kawtw/ugly,Non-Fiction
Taking Flight,/lists/p4aym64o/taking-flight,Non-Fiction
Three Little Words,/lists/zsd536a6/three-little-words,Non-Fiction
Free Lunch,/lists/aw6wassc/free-lunch,Non-Fiction
I Was Their American Dream,/lists/rfzmtijj/i-was-their-american-dream,Non-Fiction
Ordinary Hazards,/lists/zgnxrsb4/ordinary-hazards,Non-Fiction
A Long Way Home,/lists/6skrnd6t/long-way-home,Non-Fiction
All Boys Aren't Blue,/lists/uzkd5v4o/all-boys-arent-blue,Non-Fiction
Facing the Lion,/lists/gwlgvkzf/facing-the-lion,Non-Fiction
Breaking Through,/lists/uqsfkpmd/breaking-through,Non-Fiction
A First Time for Everything,/lists/hhybquao/first-time-for-everything,Non-Fiction
,/lists/mtx4n6a5/cat-i-never-named,Non-Fiction
,/lists/iq3kcmzs/determined-to-stay,Non-Fiction
Dear Martin,/lists/aypmqxsn/dear-martin,Non-Fiction
More Than a Dream,/lists/ua6bkc2l/more-than-a-dream,Non-Fiction
,/lists/unreibim/rbgs-brave-brilliant-women,Non-Fiction
,/lists/sjkakvsk/hanged,Non-Fiction
Boots on the Ground: America's War in Vietnam,/lists/5bnifxeq/boots-on-the-ground-americas-war-in-vietnam,Non-Fiction
Most Dangerous,/lists/yn6yv7xc/most-dangerous,Non-Fiction
A Long Way Gone,/lists/eyx4omdi/long-way-gone,Non-Fiction
Night,/lists/kiyp4rfs/night,Non-Fiction
Farewell to Manzanar,/lists/4bgbjpyn/farewell-to-manzanar,Non-Fiction
Maus I: My Father Bleeds History,/lists/yim7rk5o/maus-i-my-father-bleeds-history,Non-Fiction
Maus II: And Here My Troubles Began,/lists/er43liok/maus-ii-and-here-my-troubles-began,Non-Fiction
Zlata’s Diary,/lists/xspjxzyg/zlatas-diary,Non-Fiction
Persepolis,/lists/saaefyoz/persepolis,Non-Fiction
Surviving Hitler,/lists/mzmjve3u/surviving-hitler,Non-Fiction
First They Killed My Father,/lists/beex4cgs/first-they-killed-my-father,Non-Fiction
"Lost Boy, Lost Girl",/lists/mnfjrvfr/lost-boy-lost-girl,Non-Fiction
The Diary of a Young Girl,/lists/34jlkcgi/diary-of-a-young-girl,Non-Fiction
Tasting the Sky,/lists/nvrlzruo/tasting-the-sky,Non-Fiction
The Nazi Hunters,/lists/5j4vyuhv/nazi-hunters,Non-Fiction
The Plot to Kill Hitler,/lists/3mcelvhg/plot-to-kill-hitler,Non-Fiction
The Boys Who Challenged Hitler,/lists/k3ay55ia/boys-who-challenged-hitler,Non-Fiction
Symphony for the City of the Dead,/lists/liwec547/symphony-for-the-city-of-the-dead,Non-Fiction
Uprooted,/lists/yhlexelz/uprooted,Non-Fiction
They Called Us Enemy,/lists/dxbjnqqv/they-called-us-enemy,Non-Fiction
Sachiko,/lists/6ilo46ai/sachiko,Non-Fiction
The Grand Escape,/lists/x7xt6hxi/grand-escape,Non-Fiction
A Light in the Darkness,/lists/6ojqilks/light-in-the-darkness,Non-Fiction
We Are Displaced,/lists/nhbkjiaf/we-are-displaced,Non-Fiction
Torpedoed,/lists/t65yutt4/torpedoed,Non-Fiction
A Thousand Sisters,/lists/y44eeasz/thousand-sisters,Non-Fiction
Nazi Saboteurs,/lists/bq22oejc/nazi-saboteurs,Non-Fiction
The War to End All Wars,/lists/w5xgoybv/war-to-end-all-wars,Non-Fiction
,/lists/c7pj4ua4/every-falling-star,Non-Fiction
,/lists/6dpyfw2g/in-the-country-we-love,Non-Fiction
,/lists/qc6ygrbo/meltdown,Non-Fiction
,/lists/dobbs2ln/big-short,Non-Fiction
,/lists/ofk3fg4b/byrd-and-igloo-a-polar-adventure,Non-Fiction
Life Is So Good,/lists/av2nxi7v/life-is-so-good,Non-Fiction
Tuesdays with Morrie,/lists/ao6rfaa5/tuesdays-with-morrie,Non-Fiction
Letters to a Young Poet,/lists/fendn5ub/letters-to-a-young-poet,Non-Fiction
The Last Lecture,/lists/wogzmsvd/last-lecture,Non-Fiction
Courage to Soar,/lists/speqquyd/courage-to-soar,Non-Fiction
Unbroken,/lists/jxbiqg5d/unbroken,Non-Fiction
Uncomfortable Conversations with a Black Boy,/lists/r2kc3mdd/uncomfortable-conversations-with-a-black-boy,Non-Fiction
Between the World and Me,/lists/knzyjvrn/between-the-world-and-me,Non-Fiction
,/lists/4f2nt7ck/undefeated,Non-Fiction
,/lists/zfbhpne7/punching-bag,Non-Fiction
,/lists/chzksul4/lincolns-spymaster,Non-Fiction
,/lists/43rjdqy4/impossible-escape,Non-Fiction
,/lists/a65heybj/shipwrecked,Non-Fiction
My Life with the Chimpanzees,/lists/2eozgdrf/my-life-with-the-chimpanzees,Non-Fiction
World Without Fish,/lists/tvu4lprw/world-without-fish,Non-Fiction
The Boy Who Harnessed the Wind,/lists/vm6eeu7i/boy-who-harnessed-the-wind,Non-Fiction
A Walk in the Woods,/lists/yy5k5oej/walk-in-the-woods,Non-Fiction
Silent Spring,/lists/jrmuxec7/silent-spring,Non-Fiction
Walden,/lists/xax3mhqe/walden,Non-Fiction
Drowned City: Hurricane Katrina & New Orleans,/lists/kdgzhu53/drowned-city-hurricane-katrina-new-orleans,Non-Fiction
The Omnivore's Dilemma,/lists/whbnyr63/omnivores-dilemma,Non-Fiction
The Hot Zone,/lists/lucwk3g5/hot-zone,Non-Fiction
Into Thin Air,/lists/tcfu6q2w/into-thin-air,Non-Fiction
Into the Wild,/lists/pdmd4lr3/into-the-wild,Non-Fiction
The Girl Who Drew Butterflies,/lists/fpflxbkm/girl-who-drew-butterflies,Non-Fiction
Tracking Trash,/lists/ir7kl4lm/tracking-trash,Non-Fiction
The Big Thirst,/lists/5dnfbau7/big-thirst,Non-Fiction
Hidden Figures,/lists/mvpp2vfg/hidden-figures,Non-Fiction
Amelia Lost,/lists/uz2y5ipb/amelia-lost,Non-Fiction
Vincent and Theo,/lists/6wtffwqe/vincent-and-theo,Non-Fiction
Out of Darkness,/lists/aijykxcc/out-of-darkness,Non-Fiction
Pelé,/lists/lveq2egc/pele,Non-Fiction
First Man: The Life of Neil A. Armstrong,/lists/2xsie3i7/first-man-the-life-of-neil-a-armstrong,Non-Fiction
Harriet Tubman,/lists/3yy6ha34/harriet-tubman,Non-Fiction
Cleopatra,/lists/qbptiyrh/cleopatra,Non-Fiction
Charles and Emma,/lists/hhdqemha/charles-and-emma,Non-Fiction
The Faithful Spy,/lists/64gvlsd6/faithful-spy,Non-Fiction
The Immortal Life of Henrietta Lacks,/lists/nngbzwua/immortal-life-of-henrietta-lacks,Non-Fiction
Primates,/lists/lmglpnz6/primates,Non-Fiction
Astronauts,/lists/wt3c46uo/astronauts,Non-Fiction
Claudette Colvin: Twice Toward Justice,/lists/ps2y73jf/claudette-colvin-twice-toward-justice,Non-Fiction
Escape from Camp 14,/lists/uz6ual75/escape-from-camp-14,Non-Fiction
Drama High,/lists/kunpp6bz/drama-high,Non-Fiction
Enrique's Journey,/lists/jj7jhbxl/enriques-journey,Non-Fiction
"George Washington, Spymaster",/lists/3jfb7kv5/george-washington-spymaster,Non-Fiction
The Voice That Challenged a Nation,/lists/h4oar4e4/voice-that-challenged-a-nation,Non-Fiction
The Other Wes Moore,/lists/2xi2vguo/other-wes-moore,Non-Fiction
Zeitoun,/lists/5zs3vbnj/zeitoun,Non-Fiction
Lincoln's Last Days,/lists/aao5li5l/lincolns-last-days,Non-Fiction
Founding Brothers,/lists/7ma5mfw6/founding-brothers,Non-Fiction
The Rise and Fall of Charles Lindbergh,/lists/titdlevl/rise-and-fall-of-charles-lindbergh,Non-Fiction
The Boy Who Invented TV,/lists/yydnx4ko/boy-who-invented-tv,Non-Fiction
Promises to Keep,/lists/ihfvxzau/promises-to-keep,Non-Fiction
Sojourner Truth: Ain't I a Woman?,/lists/havykmcw/sojourner-truth-aint-i-a-woman,Non-Fiction
Endgame,/lists/4igqtvq4/endgame,Non-Fiction
The Woman All Spies Fear,/lists/4yndrkxv/woman-all-spies-fear,Non-Fiction
In the Shadow of Liberty,/lists/wwnndfxk/in-the-shadow-of-liberty,Non-Fiction
,/lists/kip2q4nr/mexikid,Non-Fiction
,/lists/5kggrrop/from-here,Non-Fiction
,/lists/jdy3f3o7/lost-city-of-z,Non-Fiction
,/lists/lfd6wlgg/solito-a-memoir,Non-Fiction
,/lists/kf532zb5/mona-lisa-vanishes,Non-Fiction
,/lists/ged5o56l/my-life-on-the-road,Non-Fiction
,/lists/ztk622ey/accountable,Non-Fiction
,/lists/b5gsxc7g/boy-from-buchenwald,Non-Fiction
,/lists/ggacuhex/this-side-of-wild,Non-Fiction
,/lists/q5724ijc/unequal-a-story-of-america,Non-Fiction
,/lists/j3foepjh/society-and-solitude,Non-Fiction
,/lists/qh2j6v5t/lives-of-a-cell,Non-Fiction
,/lists/77omg6g5/circumference,Non-Fiction
,/lists/4wlb4aat/heres-looking-at-euclid,Non-Fiction
,/lists/cki3mbob/hitler-youth,Non-Fiction
,/lists/4vpsksn5/shipwreck-at-the-bottom-of-the-world,Non-Fiction
,/lists/ycnea4rn/zero-a-biography-of-a-dangerous-idea,Non-Fiction
,/lists/5r4q7opv/mountains-beyond-mountains,Non-Fiction
,/lists/5w23nxa3/death-on-the-river-of-doubt,Non-Fiction
March: Book One,/lists/r5nlld2p/march-book-one,Non-Fiction
When Stars Are Scattered,/lists/b23iccua/when-stars-are-scattered,Non-Fiction
El Deafo,/lists/gu4u67jg/el-deafo,Non-Fiction
Banned Book Club,/lists/bv4au5dx/banned-book-club,Non-Fiction
Dragon Hoops,/lists/7qq34f5t/dragon-hoops,Non-Fiction
Guts,/lists/fbzgg6pg/guts,Non-Fiction
March: Book Two,/lists/m3ikihjh/march-book-two,Non-Fiction
March: Book Three,/lists/lolsgjo6/march-book-three,Non-Fiction
Sisters,/lists/wufypo3k/sisters,Non-Fiction
Smile,/lists/ae7srck7/smile,Non-Fiction
The Unwanted,/lists/o7cbv35s/unwanted,Non-Fiction
Be Prepared,/lists/bpwctrts/be-prepared,Non-Fiction
Run: Book One,/lists/xafrwlae/run-book-one,Non-Fiction
,/lists/z24zdsr4/1491,Non-Fiction
,/lists/4f63bajv/disability-visibility,Non-Fiction
,/lists/varcwddn/ambushed,Non-Fiction
,/lists/fhho23od/fannie-never-flinched,Non-Fiction
,/lists/yo3pzxur/this-promise-of-change,Non-Fiction
,/lists/lreytcpu/chasing-lincolns-killer,Non-Fiction
,/lists/zvjdy2kq/night-to-remember,Non-Fiction
,/lists/v2wa4dcs/how-the-other-half-lives,Non-Fiction
,/lists/edmhsdij/revolution-in-our-time,Non-Fiction
,/lists/6arkuzlf/black-birds-in-the-sky,Non-Fiction
,/lists/zxkf3gf4/no-summit-out-of-sight,Non-Fiction
,/lists/mhxxcmx2/moneyball,Non-Fiction
,/lists/hibolgwx/behind-the-beautiful-forevers,Non-Fiction
,/lists/sw7iz42d/innocents-abroad,Non-Fiction
,/lists/zhtzrocg/games-of-deception,Non-Fiction
,/lists/uaisnpil/through-my-eyes,Non-Fiction
,/lists/opnnjblj/wealth-of-nations,Non-Fiction
,/lists/aiyqqttq/from-a-whisper-to-a-rallying-cry,Non-Fiction
,/lists/5vhr6iet/ben-franklin-of-old-philadelphia,Non-Fiction
Written in Bone,/lists/o2am3bmq/written-in-bone,Non-Fiction
An American Plague,/lists/tlaes5y7/american-plague,Non-Fiction
Harriet Tubman,/lists/oto7zwdk/harriet-tubman,Non-Fiction
Killing Lincoln,/lists/xl5nhoxt/killing-lincoln,Non-Fiction
Lincoln's Grave Robbers,/lists/6r3vyt7r/lincolns-grave-robbers,Non-Fiction
The Great Fire,/lists/f3nivlh3/great-fire,Non-Fiction
Terrible Typhoid Mary,/lists/pl7xv6fp/terrible-typhoid-mary,Non-Fiction
1919,/lists/xq7mc3lj/1919,Non-Fiction
A Few Red Drops,/lists/mkdkilal/few-red-drops,Non-Fiction
Votes for Women!,/lists/xcv3cvnz/votes-for-women,Non-Fiction
Bomb,/lists/odb6fivj/bomb,Non-Fiction
Because They Marched,/lists/tqyqy3vt/because-they-marched,Non-Fiction
Little Rock Girl 1957,/lists/stan5rzi/little-rock-girl-1957,Non-Fiction
Twelve Days in May,/lists/ree4kydo/twelve-days-in-may,Non-Fiction
Spies,/lists/wnnuje42/spies,Non-Fiction
Lifting as We Climb,/lists/kzg5eavx/lifting-as-we-climb,Non-Fiction
Stamped,/lists/chn2mgkt/stamped,Non-Fiction
The New Jim Crow,/lists/y3d3pq2k/new-jim-crow,Non-Fiction
Nickel and Dimed,/lists/lu35eqg3/nickel-and-dimed,Non-Fiction
Class Matters,/lists/47bbq27v/class-matters,Non-Fiction
An Indigenous Peoples' History of the United States,/lists/kwx3v37g/indigenous-peoples-history-of-the-united-states,Non-Fiction
The Beloved World of Sonia Sotomayor,/lists/uzrbfevo/beloved-world-of-sonia-sotomayor,Non-Fiction
You Call This Democracy?,/lists/adwcvu4u/you-call-this-democracy,Non-Fiction
Second Treatise of Government,/lists/u64f35cl/second-treatise-of-government,Non-Fiction
Common Sense,/lists/xwrgbr7x/common-sense,Non-Fiction
On Liberty,/lists/qzbwin7s/on-liberty,Non-Fiction
The Autobiography of Benjamin Franklin,/lists/ninbdbdz/autobiography-of-benjamin-franklin,Non-Fiction
Democracy in America,/lists/nfgpu7cy/democracy-in-america,Non-Fiction
Civil Disobedience,/lists/izjau3be/civil-disobedience,Non-Fiction
The Interesting Narrative of the Life of Olaudah Equiano,/lists/mg7usvzg/interesting-narrative-of-the-life-of-olaudah-equiano,Non-Fiction
Narrative of the Life of Frederick Douglass,/lists/umwz3uwu/narrative-of-the-life-of-frederick-douglass,Non-Fiction
Twelve Years a Slave,/lists/aayxwoyr/12-years-a-slave,Non-Fiction
Incidents in the Life of a Slave Girl,/lists/pgypoksb/incidents-in-the-life-of-a-slave-girl,Non-Fiction
The Souls of Black Folk,/lists/ishqptbe/souls-of-black-folk,Non-Fiction
A Mighty Long Way,/lists/homoxetf/mighty-long-way,Non-Fiction
Warriors Don't Cry,/lists/mkr57dqh/warriors-dont-cry,Non-Fiction
While the World Watched,/lists/3bynocr4/while-the-world-watched,Non-Fiction
Turning 15 on the Road to Freedom,/lists/eb32x2o2/turning-15-on-the-road-to-freedom,Non-Fiction
The Autobiography of Malcolm X,/lists/lpjwj5rz/autobiography-of-malcolm-x,Non-Fiction
We the People,/lists/dm4rsc3o/we-the-people,Non-Fiction
The Federalist Papers,/lists/xdf4o5f7/federalist-papers,Non-Fiction
Amendments to the U.S. Constitution,/lists/kbjqqqgv/amendments-to-the-u-s-constitution,Non-Fiction
Letter of the Law,/lists/ui4b2qfu/letter-of-the-law,Non-Fiction
Presidential Parlance,/lists/izmfh6e4/presidential-parlance,Non-Fiction
,/lists/ls44c7kf/enchanted-air,Non-Fiction
,/lists/7bm4sfxs/gone-to-the-woods,Non-Fiction
Cosmos,/lists/3kqoob3g/cosmos,Non-Fiction
On the Origin of Species,/lists/arxbqwms/on-the-origin-of-species,Non-Fiction
A Brief History of Time,/lists/cowkeqb6/brief-history-of-time,Non-Fiction
Big Science,/lists/dwe6g6au/big-science,Non-Fiction
Flying to the Moon,/lists/54eh765a/flying-to-the-moon,Non-Fiction
The Double Helix,/lists/itujrt4a/double-helix,Non-Fiction
The Gene,/lists/nsrixdmr/gene,Non-Fiction
Women in Space,/lists/dhudlzfm/women-in-space,Non-Fiction
Sapiens,/lists/t4lqc7ho/sapiens,Non-Fiction
The Man Who Mistook His Wife for a Hat,/lists/kbd4gwqp/man-who-mistook-his-wife-for-a-hat,Non-Fiction
Eyes Wide Open,/lists/bwpkuc6t/eyes-wide-open,Non-Fiction
,/lists/haiane6i/far-away-brothers,Non-Fiction
,/lists/ltynar6r/all-thirteen,Non-Fiction
,/lists/rmfwsfrd/blind-side,Non-Fiction
,/lists/5xqzvokc/reading-lolita-in-tehran,Non-Fiction
,/lists/i6gbpctf/most-beautiful-roof-in-the-world,Non-Fiction
,/lists/2ja7wqet/family-romanov,Non-Fiction
,/lists/cwxeiyfw/prince,Non-Fiction
,/lists/nwmiffxi/inuit-thought-of-it,Non-Fiction
,/lists/uqpprgwd/greatest-muhammad-ali,Non-Fiction
,/lists/quvcz5we/quiet-power,Non-Fiction
,/lists/l24syjsh/becoming-kareem,Non-Fiction
,/lists/s4b7ytcs/chew-on-this,Non-Fiction
,/lists/vnomdeio/killers-of-the-flower-moon,Non-Fiction
,/lists/7rgeuo4a/brain-on-fire,Non-Fiction
Americanized,/lists/vw2xlkil/americanized,Non-Fiction
Outcasts United,/lists/hafkzlzh/outcasts-united,Non-Fiction
The Distance Between Us,/lists/5r2gghdh/distance-between-us,Non-Fiction
The Other Side,/lists/3cxddzde/other-side,Non-Fiction
The Woman Warrior,/lists/elvxhduk/woman-warrior,Non-Fiction
Angela's Ashes,/lists/mq64ng2p/angelas-ashes,Non-Fiction
Notes of a Native Son,/lists/c464fowx/notes-of-a-native-son,Non-Fiction
Consider the Lobster,/lists/ny4obdvn/consider-the-lobster,Non-Fiction
A Vindication of the Rights of Woman,/lists/hbbcxjhr/vindication-of-the-rights-of-woman,Non-Fiction
Me Talk Pretty One Day,/lists/nf4fr5w6/me-talk-pretty-one-day,Non-Fiction
The Fire Next Time,/lists/vgried2c/fire-next-time,Non-Fiction
A Room of One's Own,/lists/36odwfje/room-of-ones-own,Non-Fiction
Freakonomics,/lists/3ps6caxd/freakonomics,Non-Fiction
"Guns, Germs, and Steel",/lists/6pe2bvrz/guns-germs-and-steel,Non-Fiction
The World Is Flat,/lists/ah3kpzte/world-is-flat,Non-Fiction
The Tipping Point,/lists/h2untv2r/tipping-point,Non-Fiction
Sugar Changed the World,/lists/hvlzk4bs/sugar-changed-the-world,Non-Fiction
Fast Food Nation,/lists/abep4k5q/fast-food-nation,Non-Fiction
,/lists/lpufrfir/boy-on-the-wooden-box,Non-Fiction
Shout,/lists/rdc24yas/shout,Non-Fiction
Bad Boy,/lists/pjbbjr64/bad-boy,Non-Fiction
Becoming,/lists/aad5dvmy/becoming,Non-Fiction
Boy: Tales of Childhood,/lists/355t65nl/boy-tales-of-childhood,Non-Fiction
Hole in My Life,/lists/agqkkfyi/hole-in-my-life,Non-Fiction
Homesick,/lists/fzxkdtxj/homesick,Non-Fiction
I Will Always Write Back,/lists/i2jizo6x/i-will-always-write-back,Non-Fiction
Proud,/lists/syfhnman/proud,Non-Fiction
Red Scarf Girl,/lists/isvxm63o/red-scarf-girl,Non-Fiction
Travels with Charley,/lists/uvag4lr3/travels-with-charley,Non-Fiction
,/lists/y5ra5zew/blink,Non-Fiction
,/lists/brsqqfaw/eats-shoots-leaves,Non-Fiction
,/lists/lecmp5h5/our-america,Non-Fiction
,/lists/6s44ozil/friday-night-lights,Non-Fiction
,/lists/m7vg6oi5/in-cold-blood,Non-Fiction
,/lists/5rxpsu72/freedom-writers-diary,Non-Fiction
,/lists/odbs44ts/black-like-me,Non-Fiction
,/lists/xr2gzvh6/deadly-wandering,Non-Fiction
,/lists/ck3nqpvs/newjack-guarding-sing-sing,Non-Fiction
,/lists/n2abcnfm/outliers,Non-Fiction
,/lists/aah4dzkz/color-of-water,Non-Fiction
,/lists/shew5hx2/long-walk-to-freedom,Non-Fiction
All American Boys,/lists/ordht2o3/all-american-boys,Non-Fiction
Aristotle and Dante Discover the Secrets of the Universe,/lists/voi7yemc/aristotle-and-dante-discover-the-secrets-of-the-universe,Non-Fiction
Children of Blood and Bone,/lists/6zn2zcmu/children-of-blood-and-bone,Non-Fiction
"From Twinkle, with Love",/lists/elk3ali3/from-twinkle-with-love,Non-Fiction
Here to Stay,/lists/baad5hhm/here-to-stay,Non-Fiction
Hurricane Child,/lists/iqrpnokv/hurricane-child,Non-Fiction
Internment,/lists/co2c2zew/internment,Non-Fiction
It's Trevor Noah: Born a Crime,/lists/fjrsr6dn/its-trevor-noah-born-a-crime,Non-Fiction
Jackpot,/lists/6njmbm7p/jackpot,Non-Fiction
More Happy Than Not,/lists/ptummn6n/more-happy-than-not,Non-Fiction
On the Come Up,/lists/zrpxcpn6/on-the-come-up,Non-Fiction
Pride,/lists/elryaz7s/pride,Non-Fiction
Refugee,/lists/2i2p67wx/refugee,Non-Fiction
Scythe,/lists/bq7rsmgg/scythe,Non-Fiction
Shadowshaper,/lists/gw7wtv66/shadowshaper,Non-Fiction
The 57 Bus,/lists/6tl6dyz2/57-bus,Non-Fiction
The Bridge Home,/lists/vzjxlx6c/bridge-home,Non-Fiction
The Fault in Our Stars,/lists/isuhgv5r/fault-in-our-stars,Non-Fiction
The Hate U Give,/lists/kdstdaka/hate-u-give,Non-Fiction
The Hunger Games,/lists/nvvaeoe3/hunger-games,Non-Fiction
The Night Diary,/lists/3s5khhwx/night-diary,Non-Fiction
The Outsiders,/lists/mexjffmh/outsiders,Non-Fiction
The Sun Is Also a Star,/lists/ygm446gp/sun-is-also-a-star,Non-Fiction
To Kill a Mockingbird,/lists/bw6j2we3/to-kill-a-mockingbird,Non-Fiction
Warcross,/lists/fw76kqkp/warcross,Non-Fiction
We Are Okay,/lists/clxcsgok/we-are-okay,Non-Fiction
When Dimple Met Rishi,/lists/ckmr75sq/when-dimple-met-rishi,Non-Fiction
When I Was the Greatest,/lists/gb6xfoj5/when-i-was-the-greatest,Non-Fiction
Amina's Voice,/lists/3inajs4g/aminas-voice,Non-Fiction
Booked,/lists/7sw2kcie/booked,Non-Fiction
Dactyl Hill Squad,/lists/vsytvnrg/dactyl-hill-squad,Non-Fiction
Diary of a Wimpy Kid,/lists/hih5el5j/diary-of-a-wimpy-kid,Non-Fiction
Dragon Pearl,/lists/cbet4xta/dragon-pearl,Non-Fiction
Each Tiny Spark,/lists/rv7dipul/each-tiny-spark,Non-Fiction
Echo,/lists/w7tfhxxt/echo,Non-Fiction
Esperanza Rising,/lists/6zody5y3/esperanza-rising,Non-Fiction
Flying Lessons & Other Stories,/lists/vtr32v5t/flying-lessons-other-stories,Non-Fiction
For Black Girls Like Me,/lists/7billuae/for-black-girls-like-me,Non-Fiction
Front Desk,/lists/wrl3j254/front-desk,Non-Fiction
George,/lists/5bjvcahn/george,Non-Fiction
Ghost,/lists/eg57pl3m/ghost,Non-Fiction
Harbor Me,/lists/bwokruyj/harbor-me,Non-Fiction
Harry Potter and the Sorcerer's Stone,/lists/intdwbk3/harry-potter-and-the-sorcerers-stone,Non-Fiction
How I Became a Ghost,/lists/t2qemi44/how-i-became-a-ghost,Non-Fiction
I Lived on Butterfly Hill,/lists/na2wbecz/i-lived-on-butterfly-hill,Non-Fiction
In the Footsteps of Crazy Horse,/lists/gxytykgy/in-the-footsteps-of-crazy-horse,Non-Fiction
Inside Out & Back Again,/lists/aqizavry/inside-out-back-again,Non-Fiction
Ivy Aberdeen's Letter to the World,/lists/dbtte37m/ivy-aberdeens-letter-to-the-world,Non-Fiction
Look Both Ways,/lists/es56qf7o/look-both-ways,Non-Fiction
Lucky Broken Girl,/lists/urdtyeqw/lucky-broken-girl,Non-Fiction
Marcus Vega Doesn't Speak Spanish,/lists/2vk2ufbb/marcus-vega-doesnt-speak-spanish,Non-Fiction
New Kid,/lists/gxipmj27/new-kid,Non-Fiction
Other Words for Home,/lists/yl2fc4ix/other-words-for-home,Non-Fiction
Pashmina,/lists/grug5o2n/pashmina,Non-Fiction
Piecing Me Together,/lists/6ijvdjx2/piecing-me-together,Non-Fiction
Race to the Sun,/lists/qujfrj4l/race-to-the-sun,Non-Fiction
Raymie Nightingale,/lists/yae7y4ki/raymie-nightingale,Non-Fiction
Roll with It,/lists/pit5f4ti/roll-with-it,Non-Fiction
The Crossover,/lists/z4wo6wki/crossover,Non-Fiction
The Epic Fail of Arturo Zamora,/lists/2c5bqncg/epic-fail-of-arturo-zamora,Non-Fiction
The First Rule of Punk,/lists/bm2epe35/first-rule-of-punk,Non-Fiction
The Wishing Spell,/lists/g5wlzkw7/wishing-spell,Non-Fiction
The Lightning Thief,/lists/lg2ugvyz/lightning-thief,Non-Fiction
The Skin I'm In,/lists/icdxncnr/skin-im-in,Non-Fiction
The Stars Beneath Our Feet,/lists/zfjelaji/stars-beneath-our-feet,Non-Fiction
The Truth as Told by Mason Buttle,/lists/xklmno43/truth-as-told-by-mason-buttle,Non-Fiction
Tight,/lists/nssosmnp/tight,Non-Fiction
Two Roads,/lists/2rvbtvjl/two-roads,Non-Fiction
Amal Unbound,/lists/pg2gy7pb/amal-unbound,Non-Fiction
Aru Shah and the End of Time,/lists/w5lfkp5a/aru-shah-and-the-end-of-time,Non-Fiction
As Brave as You,/lists/fgik43nq/as-brave-as-you,Non-Fiction
Better Nate Than Ever,/lists/hcxq22fu/better-nate-than-ever,Non-Fiction
Blended,/lists/nd6tp2aa/blended,Non-Fiction
Charlie Hernández & the League of Shadows,/lists/kgcxqy7e/charlie-hernandez-the-league-of-shadows,Non-Fiction
Charlotte's Web,/lists/fjrrenbc/charlottes-web,Non-Fiction
Finding Langston,/lists/5hj73tpp/finding-langston,Non-Fiction
Merci Suárez Changes Gears,/lists/zbk5ts2o/merci-suarez-changes-gears,Non-Fiction
Out of My Mind,/lists/4bdmnvkk/out-of-my-mind,Non-Fiction
The One and Only Ivan,/lists/wwhbu4wt/one-and-only-ivan,Non-Fiction
The Witch Boy,/lists/ztnipcni/witch-boy,Non-Fiction
When the Sea Turned to Silver,/lists/aqxvjq6d/when-the-sea-turned-to-silver,Non-Fiction
Where the Mountain Meets the Moon,/lists/dw3zvtpy/where-the-mountain-meets-the-moon,Non-Fiction
Wonder,/lists/qfcsddo4/wonder,Non-Fiction
Grades 3–5,/lists/zysetv6i/nyc-reads-365-grades-35,Non-Fiction
Grades 6–8,/lists/fjmlhqf7/nyc-reads-365-grades-68,Non-Fiction
Grades 9–12,/lists/uihuk22s/nyc-reads-365-grades-912,Non-Fiction
